Virus Family,Virus Genus,Virus Species,Region,Sub-region,Date,Type,Case Number,Comments
Filoviridae,Ebolavirus,Ebola Virus/ Sudan Virus/ Tai Forest Virus/ Bundibugyo Virus,Africa,Guinea,2014-11-25,Suspected,21,
Filoviridae,Ebolavirus,Ebola Virus/ Sudan Virus/ Tai Forest Virus/ Bundibugyo Virus,Africa,Guinea,2014-11-28,Suspected,24,
Filoviridae,Ebolavirus,Ebola Virus/ Sudan Virus/ Tai Forest Virus/ Bundibugyo Virus,Africa,Guinea,2014-11-30,Suspected,25,
Filoviridae,Ebolavirus,Ebola Virus/ Sudan Virus/ Tai Forest Virus/ Bundibugyo Virus,Africa,Guinea,2014-12-02,Suspected,27,
Filoviridae,Ebolavirus,Ebola Virus/ Sudan Virus/ Tai Forest Virus/ Bundibugyo Virus,Africa,Guinea,2014-12-03,Suspected,21,
Filoviridae,Ebolavirus,Ebola Virus/ Sudan Virus/ Tai Forest Virus/ Bundibugyo Virus,Africa,Guinea,2014-12-06,Suspected,28,
Filoviridae,Ebolavirus,Ebola Virus/ Sudan Virus/ Tai Forest Virus/ Bundibugyo Virus,Africa,Guinea,2014-12-07,Suspected,20,
Filoviridae,Ebolavirus,Ebola Virus/ Sudan Virus/ Tai Forest Virus/ Bundibugyo Virus,Africa,Guinea,2014-12-09,Suspected,29,
Filoviridae,Ebolavirus,Ebola Virus/ Sudan Virus/ Tai Forest Virus/ Bundibugyo Virus,Africa,Guinea,2014-12-10,Suspected,29,
Filoviridae,Ebolavirus,Ebola Virus/ Sudan Virus/ Tai Forest Virus/ Bundibugyo Virus,Africa,Guinea,2014-12-13,Suspected,16,
Filoviridae,Ebolavirus,Ebola Virus/ Sudan Virus/ Tai Forest Virus/ Bundibugyo Virus,Africa,Guinea,2014-12-14,Suspected,26,
Filoviridae,Ebolavirus,Ebola Virus/ Sudan Virus/ Tai Forest Virus/ Bundibugyo Virus,Africa,Guinea,2014-12-16,Suspected,27,
Filoviridae,Ebolavirus,Ebola Virus/ Sudan Virus/ Tai Forest Virus/ Bundibugyo Virus,Africa,Guinea,2014-12-20,Suspected,49,
Filoviridae,Ebolavirus,Ebola Virus/ Sudan Virus/ Tai Forest Virus/ Bundibugyo Virus,Africa,Guinea,2014-12-21,Suspected,50,
Filoviridae,Ebolavirus,Ebola Virus/ Sudan Virus/ Tai Forest Virus/ Bundibugyo Virus,Africa,Guinea,2014-12-24,Suspected,19,
Filoviridae,Ebolavirus,Ebola Virus/ Sudan Virus/ Tai Forest Virus/ Bundibugyo Virus,Africa,Guinea,2014-12-27,Suspected,36,
Filoviridae,Ebolavirus,Ebola Virus/ Sudan Virus/ Tai Forest Virus/ Bundibugyo Virus,Africa,Guinea,2014-12-28,Suspected,34,
Filoviridae,Ebolavirus,Ebola Virus/ Sudan Virus/ Tai Forest Virus/ Bundibugyo Virus,Africa,Guinea,2014-12-31,Suspected,19,
Filoviridae,Ebolavirus,Ebola Virus/ Sudan Virus/ Tai Forest Virus/ Bundibugyo Virus,Africa,Guinea,2015-01-03,Suspected,26,
Filoviridae,Ebolavirus,Ebola Virus/ Sudan Virus/ Tai Forest Virus/ Bundibugyo Virus,Africa,Guinea,2015-01-04,Suspected,22,
Filoviridae,Ebolavirus,Ebola Virus/ Sudan Virus/ Tai Forest Virus/ Bundibugyo Virus,Africa,Guinea,2015-01-05,Suspected,17,
Filoviridae,Ebolavirus,Ebola Virus/ Sudan Virus/ Tai Forest Virus/ Bundibugyo Virus,Africa,Guinea,2015-01-07,Suspected,18,
Filoviridae,Ebolavirus,Ebola Virus/ Sudan Virus/ Tai Forest Virus/ Bundibugyo Virus,Africa,Guinea,2015-01-10,Suspected,7,
Filoviridae,Ebolavirus,Ebola Virus/ Sudan Virus/ Tai Forest Virus/ Bundibugyo Virus,Africa,Guinea,2015-01-11,Suspected,8,
Filoviridae,Ebolavirus,Ebola Virus/ Sudan Virus/ Tai Forest Virus/ Bundibugyo Virus,Africa,Guinea,2015-01-12,Suspected,11,
Filoviridae,Ebolavirus,Ebola Virus/ Sudan Virus/ Tai Forest Virus/ Bundibugyo Virus,Africa,Guinea,2015-01-13,Suspected,12,
Filoviridae,Ebolavirus,Ebola Virus/ Sudan Virus/ Tai Forest Virus/ Bundibugyo Virus,Africa,Guinea,2015-01-17,Suspected,15,
Filoviridae,Ebolavirus,Ebola Virus/ Sudan Virus/ Tai Forest Virus/ Bundibugyo Virus,Africa,Guinea,2015-01-18,Suspected,13,
Filoviridae,Ebolavirus,Ebola Virus/ Sudan Virus/ Tai Forest Virus/ Bundibugyo Virus,Africa,Guinea,2015-01-19,Suspected,12,
Filoviridae,Ebolavirus,Ebola Virus/ Sudan Virus/ Tai Forest Virus/ Bundibugyo Virus,Africa,Guinea,2015-01-20,Suspected,9,
Filoviridae,Ebolavirus,Ebola Virus/ Sudan Virus/ Tai Forest Virus/ Bundibugyo Virus,Africa,Guinea,2015-01-24,Suspected,18,
Filoviridae,Ebolavirus,Ebola Virus/ Sudan Virus/ Tai Forest Virus/ Bundibugyo Virus,Africa,Guinea,2015-01-25,Suspected,16,
Filoviridae,Ebolavirus,Ebola Virus/ Sudan Virus/ Tai Forest Virus/ Bundibugyo Virus,Africa,Guinea,2015-01-26,Suspected,18,
Filoviridae,Ebolavirus,Ebola Virus/ Sudan Virus/ Tai Forest Virus/ Bundibugyo Virus,Africa,Guinea,2015-01-27,Suspected,13,
Filoviridae,Ebolavirus,Ebola Virus/ Sudan Virus/ Tai Forest Virus/ Bundibugyo Virus,Africa,Guinea,2015-01-31,Suspected,24,
Filoviridae,Ebolavirus,Ebola Virus/ Sudan Virus/ Tai Forest Virus/ Bundibugyo Virus,Africa,Guinea,2015-02-01,Suspected,20,
Filoviridae,Ebolavirus,Ebola Virus/ Sudan Virus/ Tai Forest Virus/ Bundibugyo Virus,Africa,Guinea,2015-02-02,Suspected,18,
Filoviridae,Ebolavirus,Ebola Virus/ Sudan Virus/ Tai Forest Virus/ Bundibugyo Virus,Africa,Guinea,2015-02-03,Suspected,11,
Filoviridae,Ebolavirus,Ebola Virus/ Sudan Virus/ Tai Forest Virus/ Bundibugyo Virus,Africa,Guinea,2015-02-07,Suspected,21,
Filoviridae,Ebolavirus,Ebola Virus/ Sudan Virus/ Tai Forest Virus/ Bundibugyo Virus,Africa,Guinea,2015-02-08,Suspected,18,
Filoviridae,Ebolavirus,Ebola Virus/ Sudan Virus/ Tai Forest Virus/ Bundibugyo Virus,Africa,Guinea,2015-02-09,Suspected,16,
Filoviridae,Ebolavirus,Ebola Virus/ Sudan Virus/ Tai Forest Virus/ Bundibugyo Virus,Africa,Guinea,2015-02-10,Suspected,15,
Filoviridae,Ebolavirus,Ebola Virus/ Sudan Virus/ Tai Forest Virus/ Bundibugyo Virus,Africa,Guinea,2015-02-14,Suspected,7,
Filoviridae,Ebolavirus,Ebola Virus/ Sudan Virus/ Tai Forest Virus/ Bundibugyo Virus,Africa,Guinea,2015-02-15,Suspected,7,
Filoviridae,Ebolavirus,Ebola Virus/ Sudan Virus/ Tai Forest Virus/ Bundibugyo Virus,Africa,Guinea,2015-02-17,Suspected,2,
Filoviridae,Ebolavirus,Ebola Virus/ Sudan Virus/ Tai Forest Virus/ Bundibugyo Virus,Africa,Guinea,2015-02-18,Suspected,2,
Filoviridae,Ebolavirus,Ebola Virus/ Sudan Virus/ Tai Forest Virus/ Bundibugyo Virus,Africa,Guinea,2015-02-21,Suspected,10,
Filoviridae,Ebolavirus,Ebola Virus/ Sudan Virus/ Tai Forest Virus/ Bundibugyo Virus,Africa,Guinea,2015-02-22,Suspected,6,
Filoviridae,Ebolavirus,Ebola Virus/ Sudan Virus/ Tai Forest Virus/ Bundibugyo Virus,Africa,Guinea,2015-02-24,Suspected,7,
Filoviridae,Ebolavirus,Ebola Virus/ Sudan Virus/ Tai Forest Virus/ Bundibugyo Virus,Africa,Guinea,2015-02-25,Suspected,8,
Filoviridae,Ebolavirus,Ebola Virus/ Sudan Virus/ Tai Forest Virus/ Bundibugyo Virus,Africa,Guinea,2015-02-28,Suspected,5,
Filoviridae,Ebolavirus,Ebola Virus/ Sudan Virus/ Tai Forest Virus/ Bundibugyo Virus,Africa,Guinea,2015-03-01,Suspected,14,
Filoviridae,Ebolavirus,Ebola Virus/ Sudan Virus/ Tai Forest Virus/ Bundibugyo Virus,Africa,Guinea,2015-03-03,Suspected,12,
Filoviridae,Ebolavirus,Ebola Virus/ Sudan Virus/ Tai Forest Virus/ Bundibugyo Virus,Africa,Guinea,2015-03-04,Suspected,16,
Filoviridae,Ebolavirus,Ebola Virus/ Sudan Virus/ Tai Forest Virus/ Bundibugyo Virus,Africa,Guinea,2015-03-07,Suspected,15,
Filoviridae,Ebolavirus,Ebola Virus/ Sudan Virus/ Tai Forest Virus/ Bundibugyo Virus,Africa,Guinea,2015-03-08,Suspected,22,
Filoviridae,Ebolavirus,Ebola Virus/ Sudan Virus/ Tai Forest Virus/ Bundibugyo Virus,Africa,Guinea,2015-03-10,Suspected,34,
Filoviridae,Ebolavirus,Ebola Virus/ Sudan Virus/ Tai Forest Virus/ Bundibugyo Virus,Africa,Guinea,2015-03-11,Suspected,25,
Filoviridae,Ebolavirus,Ebola Virus/ Sudan Virus/ Tai Forest Virus/ Bundibugyo Virus,Africa,Guinea,2015-03-14,Suspected,21,
Filoviridae,Ebolavirus,Ebola Virus/ Sudan Virus/ Tai Forest Virus/ Bundibugyo Virus,Africa,Guinea,2015-03-15,Suspected,28,
Filoviridae,Ebolavirus,Ebola Virus/ Sudan Virus/ Tai Forest Virus/ Bundibugyo Virus,Africa,Guinea,2015-03-17,Suspected,35,
Filoviridae,Ebolavirus,Ebola Virus/ Sudan Virus/ Tai Forest Virus/ Bundibugyo Virus,Africa,Guinea,2015-03-18,Suspected,21,
Filoviridae,Ebolavirus,Ebola Virus/ Sudan Virus/ Tai Forest Virus/ Bundibugyo Virus,Africa,Guinea,2015-03-21,Suspected,15,
Filoviridae,Ebolavirus,Ebola Virus/ Sudan Virus/ Tai Forest Virus/ Bundibugyo Virus,Africa,Guinea,2015-03-22,Suspected,20,
Filoviridae,Ebolavirus,Ebola Virus/ Sudan Virus/ Tai Forest Virus/ Bundibugyo Virus,Africa,Guinea,2015-03-24,Suspected,29,
Filoviridae,Ebolavirus,Ebola Virus/ Sudan Virus/ Tai Forest Virus/ Bundibugyo Virus,Africa,Guinea,2015-03-25,Suspected,26,
Filoviridae,Ebolavirus,Ebola Virus/ Sudan Virus/ Tai Forest Virus/ Bundibugyo Virus,Africa,Guinea,2015-03-28,Suspected,10,
Filoviridae,Ebolavirus,Ebola Virus/ Sudan Virus/ Tai Forest Virus/ Bundibugyo Virus,Africa,Guinea,2015-03-29,Suspected,10,
Filoviridae,Ebolavirus,Ebola Virus/ Sudan Virus/ Tai Forest Virus/ Bundibugyo Virus,Africa,Guinea,2015-03-31,Suspected,7,
Filoviridae,Ebolavirus,Ebola Virus/ Sudan Virus/ Tai Forest Virus/ Bundibugyo Virus,Africa,Guinea,2015-04-05,Suspected,12,
Filoviridae,Ebolavirus,Ebola Virus/ Sudan Virus/ Tai Forest Virus/ Bundibugyo Virus,Africa,Guinea,2015-04-07,Suspected,8,
Filoviridae,Ebolavirus,Ebola Virus/ Sudan Virus/ Tai Forest Virus/ Bundibugyo Virus,Africa,Guinea,2015-04-08,Suspected,14,
Filoviridae,Ebolavirus,Ebola Virus/ Sudan Virus/ Tai Forest Virus/ Bundibugyo Virus,Africa,Guinea,2015-04-11,Suspected,15,
Filoviridae,Ebolavirus,Ebola Virus/ Sudan Virus/ Tai Forest Virus/ Bundibugyo Virus,Africa,Guinea,2015-04-12,Suspected,17,
Filoviridae,Ebolavirus,Ebola Virus/ Sudan Virus/ Tai Forest Virus/ Bundibugyo Virus,Africa,Guinea,2015-04-14,Suspected,28,
Filoviridae,Ebolavirus,Ebola Virus/ Sudan Virus/ Tai Forest Virus/ Bundibugyo Virus,Africa,Guinea,2015-04-15,Suspected,29,
Filoviridae,Ebolavirus,Ebola Virus/ Sudan Virus/ Tai Forest Virus/ Bundibugyo Virus,Africa,Guinea,2015-04-18,Suspected,17,
Filoviridae,Ebolavirus,Ebola Virus/ Sudan Virus/ Tai Forest Virus/ Bundibugyo Virus,Africa,Guinea,2015-04-19,Suspected,14,
Filoviridae,Ebolavirus,Ebola Virus/ Sudan Virus/ Tai Forest Virus/ Bundibugyo Virus,Africa,Guinea,2015-04-21,Suspected,9,
Filoviridae,Ebolavirus,Ebola Virus/ Sudan Virus/ Tai Forest Virus/ Bundibugyo Virus,Africa,Guinea,2015-04-22,Suspected,16,
Filoviridae,Ebolavirus,Ebola Virus/ Sudan Virus/ Tai Forest Virus/ Bundibugyo Virus,Africa,Guinea,2015-04-24,Suspected,16,
Filoviridae,Ebolavirus,Ebola Virus/ Sudan Virus/ Tai Forest Virus/ Bundibugyo Virus,Africa,Guinea,2015-04-26,Suspected,11,
Filoviridae,Ebolavirus,Ebola Virus/ Sudan Virus/ Tai Forest Virus/ Bundibugyo Virus,Africa,Guinea,2015-04-28,Suspected,7,
Filoviridae,Ebolavirus,Ebola Virus/ Sudan Virus/ Tai Forest Virus/ Bundibugyo Virus,Africa,Guinea,2015-04-29,Suspected,2,
Filoviridae,Ebolavirus,Ebola Virus/ Sudan Virus/ Tai Forest Virus/ Bundibugyo Virus,Africa,Guinea,2015-05-02,Suspected,13,
Filoviridae,Ebolavirus,Ebola Virus/ Sudan Virus/ Tai Forest Virus/ Bundibugyo Virus,Africa,Guinea,2015-05-03,Suspected,7,
Filoviridae,Ebolavirus,Ebola Virus/ Sudan Virus/ Tai Forest Virus/ Bundibugyo Virus,Africa,Guinea,2015-05-05,Suspected,7,
Filoviridae,Ebolavirus,Ebola Virus/ Sudan Virus/ Tai Forest Virus/ Bundibugyo Virus,Africa,Guinea,2015-05-09,Suspected,11,
Filoviridae,Ebolavirus,Ebola Virus/ Sudan Virus/ Tai Forest Virus/ Bundibugyo Virus,Africa,Guinea,2015-05-10,Suspected,8,
Filoviridae,Ebolavirus,Ebola Virus/ Sudan Virus/ Tai Forest Virus/ Bundibugyo Virus,Africa,Guinea,2015-05-12,Suspected,9,
Filoviridae,Ebolavirus,Ebola Virus/ Sudan Virus/ Tai Forest Virus/ Bundibugyo Virus,Africa,Guinea,2015-05-13,Suspected,11,
Filoviridae,Ebolavirus,Ebola Virus/ Sudan Virus/ Tai Forest Virus/ Bundibugyo Virus,Africa,Guinea,2015-05-16,Suspected,12,
Filoviridae,Ebolavirus,Ebola Virus/ Sudan Virus/ Tai Forest Virus/ Bundibugyo Virus,Africa,Guinea,2015-05-17,Suspected,15,
Filoviridae,Ebolavirus,Ebola Virus/ Sudan Virus/ Tai Forest Virus/ Bundibugyo Virus,Africa,Guinea,2015-05-19,Suspected,26,
Filoviridae,Ebolavirus,Ebola Virus/ Sudan Virus/ Tai Forest Virus/ Bundibugyo Virus,Africa,Guinea,2015-05-20,Suspected,23,
Filoviridae,Ebolavirus,Ebola Virus/ Sudan Virus/ Tai Forest Virus/ Bundibugyo Virus,Africa,Guinea,2015-05-23,Suspected,13,
Filoviridae,Ebolavirus,Ebola Virus/ Sudan Virus/ Tai Forest Virus/ Bundibugyo Virus,Africa,Guinea,2015-05-24,Suspected,12,
Filoviridae,Ebolavirus,Ebola Virus/ Sudan Virus/ Tai Forest Virus/ Bundibugyo Virus,Africa,Guinea,2015-05-26,Suspected,6,
Filoviridae,Ebolavirus,Ebola Virus/ Sudan Virus/ Tai Forest Virus/ Bundibugyo Virus,Africa,Guinea,2015-05-27,Suspected,9,
Filoviridae,Ebolavirus,Ebola Virus/ Sudan Virus/ Tai Forest Virus/ Bundibugyo Virus,Africa,Guinea,2015-05-30,Suspected,14,
Filoviridae,Ebolavirus,Ebola Virus/ Sudan Virus/ Tai Forest Virus/ Bundibugyo Virus,Africa,Guinea,2015-05-31,Suspected,10,
Filoviridae,Ebolavirus,Ebola Virus/ Sudan Virus/ Tai Forest Virus/ Bundibugyo Virus,Africa,Guinea,2015-06-02,Suspected,11,
Filoviridae,Ebolavirus,Ebola Virus/ Sudan Virus/ Tai Forest Virus/ Bundibugyo Virus,Africa,Guinea,2015-06-03,Suspected,17,
Filoviridae,Ebolavirus,Ebola Virus/ Sudan Virus/ Tai Forest Virus/ Bundibugyo Virus,Africa,Guinea,2015-06-06,Suspected,13,
Filoviridae,Ebolavirus,Ebola Virus/ Sudan Virus/ Tai Forest Virus/ Bundibugyo Virus,Africa,Guinea,2015-06-07,Suspected,12,
Filoviridae,Ebolavirus,Ebola Virus/ Sudan Virus/ Tai Forest Virus/ Bundibugyo Virus,Africa,Guinea,2015-06-09,Suspected,12,
Filoviridae,Ebolavirus,Ebola Virus/ Sudan Virus/ Tai Forest Virus/ Bundibugyo Virus,Africa,Guinea,2015-06-10,Suspected,15,
Filoviridae,Ebolavirus,Ebola Virus/ Sudan Virus/ Tai Forest Virus/ Bundibugyo Virus,Africa,Guinea,2015-06-13,Suspected,9,
Filoviridae,Ebolavirus,Ebola Virus/ Sudan Virus/ Tai Forest Virus/ Bundibugyo Virus,Africa,Guinea,2015-06-14,Suspected,10,
Filoviridae,Ebolavirus,Ebola Virus/ Sudan Virus/ Tai Forest Virus/ Bundibugyo Virus,Africa,Guinea,2015-06-16,Suspected,10,
Filoviridae,Ebolavirus,Ebola Virus/ Sudan Virus/ Tai Forest Virus/ Bundibugyo Virus,Africa,Guinea,2015-06-17,Suspected,8,
Filoviridae,Ebolavirus,Ebola Virus/ Sudan Virus/ Tai Forest Virus/ Bundibugyo Virus,Africa,Guinea,2015-06-20,Suspected,16,
Filoviridae,Ebolavirus,Ebola Virus/ Sudan Virus/ Tai Forest Virus/ Bundibugyo Virus,Africa,Guinea,2015-06-21,Suspected,18,
Filoviridae,Ebolavirus,Ebola Virus/ Sudan Virus/ Tai Forest Virus/ Bundibugyo Virus,Africa,Guinea,2015-06-23,Suspected,11,
Filoviridae,Ebolavirus,Ebola Virus/ Sudan Virus/ Tai Forest Virus/ Bundibugyo Virus,Africa,Guinea,2015-06-24,Suspected,11,
Filoviridae,Ebolavirus,Ebola Virus/ Sudan Virus/ Tai Forest Virus/ Bundibugyo Virus,Africa,Guinea,2015-06-27,Suspected,13,
Filoviridae,Ebolavirus,Ebola Virus/ Sudan Virus/ Tai Forest Virus/ Bundibugyo Virus,Africa,Guinea,2015-06-28,Suspected,17,
Filoviridae,Ebolavirus,Ebola Virus/ Sudan Virus/ Tai Forest Virus/ Bundibugyo Virus,Africa,Guinea,2015-06-30,Suspected,18,
Filoviridae,Ebolavirus,Ebola Virus/ Sudan Virus/ Tai Forest Virus/ Bundibugyo Virus,Africa,Guinea,2015-07-01,Suspected,21,
Filoviridae,Ebolavirus,Ebola Virus/ Sudan Virus/ Tai Forest Virus/ Bundibugyo Virus,Africa,Guinea,2015-07-04,Suspected,7,
Filoviridae,Ebolavirus,Ebola Virus/ Sudan Virus/ Tai Forest Virus/ Bundibugyo Virus,Africa,Guinea,2015-07-05,Suspected,11,
Filoviridae,Ebolavirus,Ebola Virus/ Sudan Virus/ Tai Forest Virus/ Bundibugyo Virus,Africa,Guinea,2015-07-07,Suspected,4,
Filoviridae,Ebolavirus,Ebola Virus/ Sudan Virus/ Tai Forest Virus/ Bundibugyo Virus,Africa,Guinea,2015-07-08,Suspected,8,
Filoviridae,Ebolavirus,Ebola Virus/ Sudan Virus/ Tai Forest Virus/ Bundibugyo Virus,Africa,Guinea,2015-07-11,Suspected,5,
Filoviridae,Ebolavirus,Ebola Virus/ Sudan Virus/ Tai Forest Virus/ Bundibugyo Virus,Africa,Guinea,2015-07-12,Suspected,10,
Filoviridae,Ebolavirus,Ebola Virus/ Sudan Virus/ Tai Forest Virus/ Bundibugyo Virus,Africa,Guinea,2015-07-14,Suspected,8,
Filoviridae,Ebolavirus,Ebola Virus/ Sudan Virus/ Tai Forest Virus/ Bundibugyo Virus,Africa,Guinea,2015-07-15,Suspected,10,
Filoviridae,Ebolavirus,Ebola Virus/ Sudan Virus/ Tai Forest Virus/ Bundibugyo Virus,Africa,Guinea,2015-07-18,Suspected,12,
Filoviridae,Ebolavirus,Ebola Virus/ Sudan Virus/ Tai Forest Virus/ Bundibugyo Virus,Africa,Guinea,2015-07-19,Suspected,11,
Filoviridae,Ebolavirus,Ebola Virus/ Sudan Virus/ Tai Forest Virus/ Bundibugyo Virus,Africa,Guinea,2015-07-21,Suspected,13,
Filoviridae,Ebolavirus,Ebola Virus/ Sudan Virus/ Tai Forest Virus/ Bundibugyo Virus,Africa,Guinea,2015-07-22,Suspected,11,
Filoviridae,Ebolavirus,Ebola Virus/ Sudan Virus/ Tai Forest Virus/ Bundibugyo Virus,Africa,Guinea,2015-07-25,Suspected,16,
Filoviridae,Ebolavirus,Ebola Virus/ Sudan Virus/ Tai Forest Virus/ Bundibugyo Virus,Africa,Guinea,2015-07-26,Suspected,9,
Filoviridae,Ebolavirus,Ebola Virus/ Sudan Virus/ Tai Forest Virus/ Bundibugyo Virus,Africa,Guinea,2015-07-28,Suspected,7,
Filoviridae,Ebolavirus,Ebola Virus/ Sudan Virus/ Tai Forest Virus/ Bundibugyo Virus,Africa,Guinea,2015-07-29,Suspected,3,
Filoviridae,Ebolavirus,Ebola Virus/ Sudan Virus/ Tai Forest Virus/ Bundibugyo Virus,Africa,Guinea,2015-08-01,Suspected,7,
Filoviridae,Ebolavirus,Ebola Virus/ Sudan Virus/ Tai Forest Virus/ Bundibugyo Virus,Africa,Guinea,2015-08-02,Suspected,5,
Filoviridae,Ebolavirus,Ebola Virus/ Sudan Virus/ Tai Forest Virus/ Bundibugyo Virus,Africa,Guinea,2015-08-04,Suspected,11,
Filoviridae,Ebolavirus,Ebola Virus/ Sudan Virus/ Tai Forest Virus/ Bundibugyo Virus,Africa,Guinea,2015-08-05,Suspected,14,
Filoviridae,Ebolavirus,Ebola Virus/ Sudan Virus/ Tai Forest Virus/ Bundibugyo Virus,Africa,Guinea,2015-08-08,Suspected,10,
Filoviridae,Ebolavirus,Ebola Virus/ Sudan Virus/ Tai Forest Virus/ Bundibugyo Virus,Africa,Guinea,2015-08-09,Suspected,6,
Filoviridae,Ebolavirus,Ebola Virus/ Sudan Virus/ Tai Forest Virus/ Bundibugyo Virus,Africa,Guinea,2015-08-11,Suspected,10,
Filoviridae,Ebolavirus,Ebola Virus/ Sudan Virus/ Tai Forest Virus/ Bundibugyo Virus,Africa,Guinea,2015-08-12,Suspected,9,
Filoviridae,Ebolavirus,Ebola Virus/ Sudan Virus/ Tai Forest Virus/ Bundibugyo Virus,Africa,Guinea,2015-08-15,Suspected,6,
Filoviridae,Ebolavirus,Ebola Virus/ Sudan Virus/ Tai Forest Virus/ Bundibugyo Virus,Africa,Guinea,2015-08-16,Suspected,2,
Filoviridae,Ebolavirus,Ebola Virus/ Sudan Virus/ Tai Forest Virus/ Bundibugyo Virus,Africa,Guinea,2015-08-18,Suspected,6,
Filoviridae,Ebolavirus,Ebola Virus/ Sudan Virus/ Tai Forest Virus/ Bundibugyo Virus,Africa,Guinea,2015-08-19,Suspected,9,
Filoviridae,Ebolavirus,Ebola Virus/ Sudan Virus/ Tai Forest Virus/ Bundibugyo Virus,Africa,Guinea,2015-08-22,Suspected,4,
Filoviridae,Ebolavirus,Ebola Virus/ Sudan Virus/ Tai Forest Virus/ Bundibugyo Virus,Africa,Guinea,2015-08-23,Suspected,5,
Filoviridae,Ebolavirus,Ebola Virus/ Sudan Virus/ Tai Forest Virus/ Bundibugyo Virus,Africa,Guinea,2015-08-25,Suspected,9,
Filoviridae,Ebolavirus,Ebola Virus/ Sudan Virus/ Tai Forest Virus/ Bundibugyo Virus,Africa,Guinea,2015-08-26,Suspected,9,
Filoviridae,Ebolavirus,Ebola Virus/ Sudan Virus/ Tai Forest Virus/ Bundibugyo Virus,Africa,Guinea,2015-08-29,Suspected,1,
Filoviridae,Ebolavirus,Ebola Virus/ Sudan Virus/ Tai Forest Virus/ Bundibugyo Virus,Africa,Guinea,2015-08-30,Suspected,3,
Filoviridae,Ebolavirus,Ebola Virus/ Sudan Virus/ Tai Forest Virus/ Bundibugyo Virus,Africa,Guinea,2015-09-01,Suspected,2,
Filoviridae,Ebolavirus,Ebola Virus/ Sudan Virus/ Tai Forest Virus/ Bundibugyo Virus,Africa,Guinea,2015-09-02,Suspected,2,
Filoviridae,Ebolavirus,Ebola Virus/ Sudan Virus/ Tai Forest Virus/ Bundibugyo Virus,Africa,Guinea,2015-09-05,Suspected,3,
Filoviridae,Ebolavirus,Ebola Virus/ Sudan Virus/ Tai Forest Virus/ Bundibugyo Virus,Africa,Guinea,2015-09-06,Suspected,2,
Filoviridae,Ebolavirus,Ebola Virus/ Sudan Virus/ Tai Forest Virus/ Bundibugyo Virus,Africa,Guinea,2015-09-08,Suspected,1,
Filoviridae,Ebolavirus,Ebola Virus/ Sudan Virus/ Tai Forest Virus/ Bundibugyo Virus,Africa,Guinea,2015-09-09,Suspected,1,
Filoviridae,Ebolavirus,Ebola Virus/ Sudan Virus/ Tai Forest Virus/ Bundibugyo Virus,Africa,Guinea,2015-09-12,Suspected,3,
Filoviridae,Ebolavirus,Ebola Virus/ Sudan Virus/ Tai Forest Virus/ Bundibugyo Virus,Africa,Guinea,2015-09-13,Suspected,2,
Filoviridae,Ebolavirus,Ebola Virus/ Sudan Virus/ Tai Forest Virus/ Bundibugyo Virus,Africa,Guinea,2015-09-15,Suspected,4,
Filoviridae,Ebolavirus,Ebola Virus/ Sudan Virus/ Tai Forest Virus/ Bundibugyo Virus,Africa,Guinea,2015-09-16,Suspected,3,
Filoviridae,Ebolavirus,Ebola Virus/ Sudan Virus/ Tai Forest Virus/ Bundibugyo Virus,Africa,Guinea,2015-09-19,Suspected,4,
Filoviridae,Ebolavirus,Ebola Virus/ Sudan Virus/ Tai Forest Virus/ Bundibugyo Virus,Africa,Guinea,2015-09-20,Suspected,7,
Filoviridae,Ebolavirus,Ebola Virus/ Sudan Virus/ Tai Forest Virus/ Bundibugyo Virus,Africa,Guinea,2015-09-22,Suspected,8,
Filoviridae,Ebolavirus,Ebola Virus/ Sudan Virus/ Tai Forest Virus/ Bundibugyo Virus,Africa,Guinea,2015-09-23,Suspected,4,
Filoviridae,Ebolavirus,Ebola Virus/ Sudan Virus/ Tai Forest Virus/ Bundibugyo Virus,Africa,Guinea,2015-09-26,Suspected,10,
Filoviridae,Ebolavirus,Ebola Virus/ Sudan Virus/ Tai Forest Virus/ Bundibugyo Virus,Africa,Guinea,2015-09-27,Suspected,8,
Filoviridae,Ebolavirus,Ebola Virus/ Sudan Virus/ Tai Forest Virus/ Bundibugyo Virus,Africa,Guinea,2015-09-29,Suspected,11,
Filoviridae,Ebolavirus,Ebola Virus/ Sudan Virus/ Tai Forest Virus/ Bundibugyo Virus,Africa,Guinea,2015-09-30,Suspected,12,
Filoviridae,Ebolavirus,Ebola Virus/ Sudan Virus/ Tai Forest Virus/ Bundibugyo Virus,Africa,Guinea,2015-10-03,Suspected,7,
Filoviridae,Ebolavirus,Ebola Virus/ Sudan Virus/ Tai Forest Virus/ Bundibugyo Virus,Africa,Guinea,2015-10-04,Suspected,7,
Filoviridae,Ebolavirus,Ebola Virus/ Sudan Virus/ Tai Forest Virus/ Bundibugyo Virus,Africa,Guinea,2015-10-06,Suspected,2,
Filoviridae,Ebolavirus,Ebola Virus/ Sudan Virus/ Tai Forest Virus/ Bundibugyo Virus,Africa,Guinea,2015-10-07,Suspected,3,
Filoviridae,Ebolavirus,Ebola Virus/ Sudan Virus/ Tai Forest Virus/ Bundibugyo Virus,Africa,Guinea,2015-10-10,Suspected,1,
Filoviridae,Ebolavirus,Ebola Virus/ Sudan Virus/ Tai Forest Virus/ Bundibugyo Virus,Africa,Guinea,2015-10-11,Suspected,3,
Filoviridae,Ebolavirus,Ebola Virus/ Sudan Virus/ Tai Forest Virus/ Bundibugyo Virus,Africa,Guinea,2015-10-13,Suspected,4,
Filoviridae,Ebolavirus,Ebola Virus/ Sudan Virus/ Tai Forest Virus/ Bundibugyo Virus,Africa,Guinea,2015-10-14,Suspected,5,
Filoviridae,Ebolavirus,Ebola Virus/ Sudan Virus/ Tai Forest Virus/ Bundibugyo Virus,Africa,Guinea,2015-10-17,Suspected,6,
Filoviridae,Ebolavirus,Ebola Virus/ Sudan Virus/ Tai Forest Virus/ Bundibugyo Virus,Africa,Guinea,2015-10-18,Suspected,3,
Filoviridae,Ebolavirus,Ebola Virus/ Sudan Virus/ Tai Forest Virus/ Bundibugyo Virus,Africa,Guinea,2015-10-20,Suspected,1,
Filoviridae,Ebolavirus,Ebola Virus/ Sudan Virus/ Tai Forest Virus/ Bundibugyo Virus,Africa,Guinea,2015-10-21,Suspected,1,
Filoviridae,Ebolavirus,Ebola Virus/ Sudan Virus/ Tai Forest Virus/ Bundibugyo Virus,Africa,Guinea,2015-10-24,Suspected,1,
Filoviridae,Ebolavirus,Ebola Virus/ Sudan Virus/ Tai Forest Virus/ Bundibugyo Virus,Africa,Guinea,2015-10-25,Suspected,3,
Filoviridae,Ebolavirus,Ebola Virus/ Sudan Virus/ Tai Forest Virus/ Bundibugyo Virus,Africa,Guinea,2015-10-27,Suspected,5,
Filoviridae,Ebolavirus,Ebola Virus/ Sudan Virus/ Tai Forest Virus/ Bundibugyo Virus,Africa,Guinea,2015-10-28,Suspected,5,
Filoviridae,Ebolavirus,Ebola Virus/ Sudan Virus/ Tai Forest Virus/ Bundibugyo Virus,Africa,Guinea,2015-10-31,Suspected,4,
Filoviridae,Ebolavirus,Ebola Virus/ Sudan Virus/ Tai Forest Virus/ Bundibugyo Virus,Africa,Guinea,2015-11-01,Suspected,6,
Filoviridae,Ebolavirus,Ebola Virus/ Sudan Virus/ Tai Forest Virus/ Bundibugyo Virus,Africa,Guinea,2015-11-03,Suspected,1,
Filoviridae,Ebolavirus,Ebola Virus/ Sudan Virus/ Tai Forest Virus/ Bundibugyo Virus,Africa,Guinea,2015-11-04,Suspected,1,
Filoviridae,Ebolavirus,Ebola Virus/ Sudan Virus/ Tai Forest Virus/ Bundibugyo Virus,Africa,Guinea,2015-11-07,Suspected,2,
Filoviridae,Ebolavirus,Ebola Virus/ Sudan Virus/ Tai Forest Virus/ Bundibugyo Virus,Africa,Guinea,2015-11-08,Suspected,1,
Filoviridae,Ebolavirus,Ebola Virus/ Sudan Virus/ Tai Forest Virus/ Bundibugyo Virus,Africa,Guinea,2015-11-10,Suspected,1,
Filoviridae,Ebolavirus,Ebola Virus/ Sudan Virus/ Tai Forest Virus/ Bundibugyo Virus,Africa,Guinea,2015-11-11,Suspected,0,
Filoviridae,Ebolavirus,Ebola Virus/ Sudan Virus/ Tai Forest Virus/ Bundibugyo Virus,Africa,Guinea,2015-11-14,Suspected,1,
Filoviridae,Ebolavirus,Ebola Virus/ Sudan Virus/ Tai Forest Virus/ Bundibugyo Virus,Africa,Guinea,2015-11-15,Suspected,0,
Filoviridae,Ebolavirus,Ebola Virus/ Sudan Virus/ Tai Forest Virus/ Bundibugyo Virus,Africa,Guinea,2015-11-17,Suspected,2,
Filoviridae,Ebolavirus,Ebola Virus/ Sudan Virus/ Tai Forest Virus/ Bundibugyo Virus,Africa,Guinea,2015-11-18,Suspected,0,
Filoviridae,Ebolavirus,Ebola Virus/ Sudan Virus/ Tai Forest Virus/ Bundibugyo Virus,Africa,Guinea,2015-11-21,Suspected,0,
Filoviridae,Ebolavirus,Ebola Virus/ Sudan Virus/ Tai Forest Virus/ Bundibugyo Virus,Africa,Guinea,2015-11-22,Suspected,0,
Filoviridae,Ebolavirus,Ebola Virus/ Sudan Virus/ Tai Forest Virus/ Bundibugyo Virus,Africa,Guinea,2015-11-24,Suspected,0,
Filoviridae,Ebolavirus,Ebola Virus/ Sudan Virus/ Tai Forest Virus/ Bundibugyo Virus,Africa,Guinea,2015-11-25,Suspected,0,
Filoviridae,Ebolavirus,Ebola Virus/ Sudan Virus/ Tai Forest Virus/ Bundibugyo Virus,Africa,Guinea,2015-11-29,Suspected,0,
Filoviridae,Ebolavirus,Ebola Virus/ Sudan Virus/ Tai Forest Virus/ Bundibugyo Virus,Africa,Guinea,2015-12-01,Suspected,1,
Filoviridae,Ebolavirus,Ebola Virus/ Sudan Virus/ Tai Forest Virus/ Bundibugyo Virus,Africa,Guinea,2015-12-02,Suspected,1,
Filoviridae,Ebolavirus,Ebola Virus/ Sudan Virus/ Tai Forest Virus/ Bundibugyo Virus,Africa,Guinea,2015-12-05,Suspected,0,
Filoviridae,Ebolavirus,Ebola Virus/ Sudan Virus/ Tai Forest Virus/ Bundibugyo Virus,Africa,Guinea,2015-12-06,Suspected,0,
Filoviridae,Ebolavirus,Ebola Virus/ Sudan Virus/ Tai Forest Virus/ Bundibugyo Virus,Africa,Guinea,2015-12-08,Suspected,0,
Filoviridae,Ebolavirus,Ebola Virus/ Sudan Virus/ Tai Forest Virus/ Bundibugyo Virus,Africa,Guinea,2015-12-09,Suspected,0,
Filoviridae,Ebolavirus,Ebola Virus/ Sudan Virus/ Tai Forest Virus/ Bundibugyo Virus,Africa,Guinea,2015-12-12,Suspected,2,
Filoviridae,Ebolavirus,Ebola Virus/ Sudan Virus/ Tai Forest Virus/ Bundibugyo Virus,Africa,Guinea,2015-12-13,Suspected,3,
Filoviridae,Ebolavirus,Ebola Virus/ Sudan Virus/ Tai Forest Virus/ Bundibugyo Virus,Africa,Guinea,2015-12-15,Suspected,1,
Filoviridae,Ebolavirus,Ebola Virus/ Sudan Virus/ Tai Forest Virus/ Bundibugyo Virus,Africa,Guinea,2015-12-16,Suspected,0,
Filoviridae,Ebolavirus,Ebola Virus/ Sudan Virus/ Tai Forest Virus/ Bundibugyo Virus,Africa,Guinea,2015-12-19,Suspected,0,
Filoviridae,Ebolavirus,Ebola Virus/ Sudan Virus/ Tai Forest Virus/ Bundibugyo Virus,Africa,Guinea,2015-12-20,Suspected,0,
Filoviridae,Ebolavirus,Ebola Virus/ Sudan Virus/ Tai Forest Virus/ Bundibugyo Virus,Africa,Guinea,2015-12-23,Suspected,0,
Filoviridae,Ebolavirus,Ebola Virus/ Sudan Virus/ Tai Forest Virus/ Bundibugyo Virus,Africa,Guinea,2015-12-24,Suspected,1,
Filoviridae,Ebolavirus,Ebola Virus/ Sudan Virus/ Tai Forest Virus/ Bundibugyo Virus,Africa,Guinea,2015-12-26,Suspected,0,
Filoviridae,Ebolavirus,Ebola Virus/ Sudan Virus/ Tai Forest Virus/ Bundibugyo Virus,Africa,Guinea,2015-12-27,Suspected,0,
Filoviridae,Ebolavirus,Ebola Virus/ Sudan Virus/ Tai Forest Virus/ Bundibugyo Virus,Africa,Guinea,2015-12-28,Suspected,0,
Filoviridae,Ebolavirus,Ebola Virus/ Sudan Virus/ Tai Forest Virus/ Bundibugyo Virus,Africa,Guinea,2016-03-20,Suspected,0,
Filoviridae,Ebolavirus,Ebola Virus/ Sudan Virus/ Tai Forest Virus/ Bundibugyo Virus,Africa,Liberia,2014-11-24,Suspected,2720,
Filoviridae,Ebolavirus,Ebola Virus/ Sudan Virus/ Tai Forest Virus/ Bundibugyo Virus,Africa,Liberia,2014-11-28,Suspected,3042,
Filoviridae,Ebolavirus,Ebola Virus/ Sudan Virus/ Tai Forest Virus/ Bundibugyo Virus,Africa,Liberia,2014-11-29,Suspected,3053,
Filoviridae,Ebolavirus,Ebola Virus/ Sudan Virus/ Tai Forest Virus/ Bundibugyo Virus,Africa,Liberia,2014-12-02,Suspected,3057,
Filoviridae,Ebolavirus,Ebola Virus/ Sudan Virus/ Tai Forest Virus/ Bundibugyo Virus,Africa,Liberia,2014-12-03,Suspected,3075,
Filoviridae,Ebolavirus,Ebola Virus/ Sudan Virus/ Tai Forest Virus/ Bundibugyo Virus,Africa,Liberia,2014-12-07,Suspected,3067,
Filoviridae,Ebolavirus,Ebola Virus/ Sudan Virus/ Tai Forest Virus/ Bundibugyo Virus,Africa,Liberia,2014-12-09,Suspected,3050,
Filoviridae,Ebolavirus,Ebola Virus/ Sudan Virus/ Tai Forest Virus/ Bundibugyo Virus,Africa,Liberia,2014-12-14,Suspected,3034,
Filoviridae,Ebolavirus,Ebola Virus/ Sudan Virus/ Tai Forest Virus/ Bundibugyo Virus,Africa,Liberia,2014-12-18,Suspected,2991,
Filoviridae,Ebolavirus,Ebola Virus/ Sudan Virus/ Tai Forest Virus/ Bundibugyo Virus,Africa,Liberia,2014-12-20,Suspected,3020,
Filoviridae,Ebolavirus,Ebola Virus/ Sudan Virus/ Tai Forest Virus/ Bundibugyo Virus,Africa,Liberia,2014-12-24,Suspected,3096,
Filoviridae,Ebolavirus,Ebola Virus/ Sudan Virus/ Tai Forest Virus/ Bundibugyo Virus,Africa,Liberia,2014-12-28,Suspected,3132,
Filoviridae,Ebolavirus,Ebola Virus/ Sudan Virus/ Tai Forest Virus/ Bundibugyo Virus,Africa,Liberia,2014-12-31,Suspected,3198,
Filoviridae,Ebolavirus,Ebola Virus/ Sudan Virus/ Tai Forest Virus/ Bundibugyo Virus,Africa,Liberia,2015-01-02,Suspected,3223,
Filoviridae,Ebolavirus,Ebola Virus/ Sudan Virus/ Tai Forest Virus/ Bundibugyo Virus,Africa,Liberia,2015-01-03,Suspected,3232,
Filoviridae,Ebolavirus,Ebola Virus/ Sudan Virus/ Tai Forest Virus/ Bundibugyo Virus,Africa,Liberia,2015-01-06,Suspected,3309,
Filoviridae,Ebolavirus,Ebola Virus/ Sudan Virus/ Tai Forest Virus/ Bundibugyo Virus,Africa,Liberia,2015-01-07,Suspected,3322,
Filoviridae,Ebolavirus,Ebola Virus/ Sudan Virus/ Tai Forest Virus/ Bundibugyo Virus,Africa,Liberia,2015-01-11,Suspected,3365,
Filoviridae,Ebolavirus,Ebola Virus/ Sudan Virus/ Tai Forest Virus/ Bundibugyo Virus,Africa,Liberia,2015-01-12,Suspected,3394,
Filoviridae,Ebolavirus,Ebola Virus/ Sudan Virus/ Tai Forest Virus/ Bundibugyo Virus,Africa,Liberia,2015-01-15,Suspected,3454,
Filoviridae,Ebolavirus,Ebola Virus/ Sudan Virus/ Tai Forest Virus/ Bundibugyo Virus,Africa,Liberia,2015-01-18,Suspected,3489,
Filoviridae,Ebolavirus,Ebola Virus/ Sudan Virus/ Tai Forest Virus/ Bundibugyo Virus,Africa,Liberia,2015-01-20,Suspected,3534,
Filoviridae,Ebolavirus,Ebola Virus/ Sudan Virus/ Tai Forest Virus/ Bundibugyo Virus,Africa,Liberia,2015-01-25,Suspected,3620,
Filoviridae,Ebolavirus,Ebola Virus/ Sudan Virus/ Tai Forest Virus/ Bundibugyo Virus,Africa,Liberia,2015-01-26,Suspected,3641,
Filoviridae,Ebolavirus,Ebola Virus/ Sudan Virus/ Tai Forest Virus/ Bundibugyo Virus,Africa,Liberia,2015-01-28,Suspected,3666,
Filoviridae,Ebolavirus,Ebola Virus/ Sudan Virus/ Tai Forest Virus/ Bundibugyo Virus,Africa,Liberia,2015-01-31,Suspected,3717,
Filoviridae,Ebolavirus,Ebola Virus/ Sudan Virus/ Tai Forest Virus/ Bundibugyo Virus,Africa,Liberia,2015-02-01,Suspected,3732,
Filoviridae,Ebolavirus,Ebola Virus/ Sudan Virus/ Tai Forest Virus/ Bundibugyo Virus,Africa,Liberia,2015-02-07,Suspected,3862,
Filoviridae,Ebolavirus,Ebola Virus/ Sudan Virus/ Tai Forest Virus/ Bundibugyo Virus,Africa,Liberia,2015-02-09,Suspected,3908,
Filoviridae,Ebolavirus,Ebola Virus/ Sudan Virus/ Tai Forest Virus/ Bundibugyo Virus,Africa,Liberia,2015-02-12,Suspected,3982,
Filoviridae,Ebolavirus,Ebola Virus/ Sudan Virus/ Tai Forest Virus/ Bundibugyo Virus,Africa,Liberia,2015-02-16,Suspected,4062,
Filoviridae,Ebolavirus,Ebola Virus/ Sudan Virus/ Tai Forest Virus/ Bundibugyo Virus,Africa,Liberia,2015-02-21,Suspected,4188,
Filoviridae,Ebolavirus,Ebola Virus/ Sudan Virus/ Tai Forest Virus/ Bundibugyo Virus,Africa,Liberia,2015-02-22,Suspected,4197,
Filoviridae,Ebolavirus,Ebola Virus/ Sudan Virus/ Tai Forest Virus/ Bundibugyo Virus,Africa,Liberia,2015-02-23,Suspected,4224,
Filoviridae,Ebolavirus,Ebola Virus/ Sudan Virus/ Tai Forest Virus/ Bundibugyo Virus,Africa,Liberia,2015-03-01,Suspected,4222,
Filoviridae,Ebolavirus,Ebola Virus/ Sudan Virus/ Tai Forest Virus/ Bundibugyo Virus,Africa,Liberia,2015-03-05,Suspected,4314,
Filoviridae,Ebolavirus,Ebola Virus/ Sudan Virus/ Tai Forest Virus/ Bundibugyo Virus,Africa,Liberia,2015-03-12,Suspected,4453,
Filoviridae,Ebolavirus,Ebola Virus/ Sudan Virus/ Tai Forest Virus/ Bundibugyo Virus,Africa,Liberia,2015-03-15,Suspected,4497,
Filoviridae,Ebolavirus,Ebola Virus/ Sudan Virus/ Tai Forest Virus/ Bundibugyo Virus,Africa,Liberia,2015-03-17,Suspected,4526,
Filoviridae,Ebolavirus,Ebola Virus/ Sudan Virus/ Tai Forest Virus/ Bundibugyo Virus,Africa,Liberia,2015-03-20,Suspected,4563,
Filoviridae,Ebolavirus,Ebola Virus/ Sudan Virus/ Tai Forest Virus/ Bundibugyo Virus,Africa,Liberia,2015-03-22,Suspected,4572,
Filoviridae,Ebolavirus,Ebola Virus/ Sudan Virus/ Tai Forest Virus/ Bundibugyo Virus,Africa,Liberia,2015-03-29,Suspected,4682,
Filoviridae,Ebolavirus,Ebola Virus/ Sudan Virus/ Tai Forest Virus/ Bundibugyo Virus,Africa,Liberia,2015-04-05,Suspected,4832,
Filoviridae,Ebolavirus,Ebola Virus/ Sudan Virus/ Tai Forest Virus/ Bundibugyo Virus,Africa,Liberia,2015-04-11,Suspected,5012,
Filoviridae,Ebolavirus,Ebola Virus/ Sudan Virus/ Tai Forest Virus/ Bundibugyo Virus,Africa,Liberia,2015-04-19,Suspected,5182,
Filoviridae,Ebolavirus,Ebola Virus/ Sudan Virus/ Tai Forest Virus/ Bundibugyo Virus,Africa,Liberia,2015-04-23,Suspected,5292,
Filoviridae,Ebolavirus,Ebola Virus/ Sudan Virus/ Tai Forest Virus/ Bundibugyo Virus,Africa,Liberia,2015-04-30,Suspected,5477,
Filoviridae,Ebolavirus,Ebola Virus/ Sudan Virus/ Tai Forest Virus/ Bundibugyo Virus,Africa,Liberia,2015-05-03,Suspected,5534,
Filoviridae,Ebolavirus,Ebola Virus/ Sudan Virus/ Tai Forest Virus/ Bundibugyo Virus,Africa,Liberia,2015-05-05,Suspected,5574,
Filoviridae,Ebolavirus,Ebola Virus/ Sudan Virus/ Tai Forest Virus/ Bundibugyo Virus,Africa,Liberia,2015-05-09,Suspected,5636,
Filoviridae,Ebolavirus,Ebola Virus/ Sudan Virus/ Tai Forest Virus/ Bundibugyo Virus,Africa,Liberia,2015-07-01,Suspected,37,
Filoviridae,Ebolavirus,Ebola Virus/ Sudan Virus/ Tai Forest Virus/ Bundibugyo Virus,Africa,Liberia,2015-07-03,Suspected,Not available,
Filoviridae,Ebolavirus,Ebola Virus/ Sudan Virus/ Tai Forest Virus/ Bundibugyo Virus,Africa,Liberia,2015-07-05,Suspected,Not available,
Filoviridae,Ebolavirus,Ebola Virus/ Sudan Virus/ Tai Forest Virus/ Bundibugyo Virus,Africa,Liberia,2015-07-05,Suspected,Data not available.,
Filoviridae,Ebolavirus,Ebola Virus/ Sudan Virus/ Tai Forest Virus/ Bundibugyo Virus,Africa,Liberia,2015-07-07,Suspected,Not available,
Filoviridae,Ebolavirus,Ebola Virus/ Sudan Virus/ Tai Forest Virus/ Bundibugyo Virus,Africa,Liberia,2015-07-09,Suspected,Not available,
Filoviridae,Ebolavirus,Ebola Virus/ Sudan Virus/ Tai Forest Virus/ Bundibugyo Virus,Africa,Liberia,2015-07-12,Suspected,Not available,
Filoviridae,Ebolavirus,Ebola Virus/ Sudan Virus/ Tai Forest Virus/ Bundibugyo Virus,Africa,Liberia,2015-07-12,Suspected,Data not available.,
Filoviridae,Ebolavirus,Ebola Virus/ Sudan Virus/ Tai Forest Virus/ Bundibugyo Virus,Africa,Liberia,2015-07-13,Suspected,Not available,
Filoviridae,Ebolavirus,Ebola Virus/ Sudan Virus/ Tai Forest Virus/ Bundibugyo Virus,Africa,Liberia,2015-07-15,Suspected,Data not available.,
Filoviridae,Ebolavirus,Ebola Virus/ Sudan Virus/ Tai Forest Virus/ Bundibugyo Virus,Africa,Liberia,2015-07-15,Suspected,Not available,
Filoviridae,Ebolavirus,Ebola Virus/ Sudan Virus/ Tai Forest Virus/ Bundibugyo Virus,Africa,Liberia,2015-07-22,Suspected,Not available,
Filoviridae,Ebolavirus,Ebola Virus/ Sudan Virus/ Tai Forest Virus/ Bundibugyo Virus,Africa,Liberia,2015-07-22,Suspected,Data not available.,
Filoviridae,Ebolavirus,Ebola Virus/ Sudan Virus/ Tai Forest Virus/ Bundibugyo Virus,Africa,Liberia,2015-08-02,Suspected,Data not available.,
Filoviridae,Ebolavirus,Ebola Virus/ Sudan Virus/ Tai Forest Virus/ Bundibugyo Virus,Africa,Liberia,2015-08-03,Suspected,Not available,
Filoviridae,Ebolavirus,Ebola Virus/ Sudan Virus/ Tai Forest Virus/ Bundibugyo Virus,Africa,Liberia,2015-08-06,Suspected,Not available,
Filoviridae,Ebolavirus,Ebola Virus/ Sudan Virus/ Tai Forest Virus/ Bundibugyo Virus,Africa,Liberia,2015-08-06,Suspected,Data not available.,
Filoviridae,Ebolavirus,Ebola Virus/ Sudan Virus/ Tai Forest Virus/ Bundibugyo Virus,Africa,Liberia,2015-08-13,Suspected,Not available,
Filoviridae,Ebolavirus,Ebola Virus/ Sudan Virus/ Tai Forest Virus/ Bundibugyo Virus,Africa,Liberia,2015-08-13,Suspected,Data not available.,
Filoviridae,Ebolavirus,Ebola Virus/ Sudan Virus/ Tai Forest Virus/ Bundibugyo Virus,Africa,Liberia,2015-08-20,Suspected,Data not available.,
Filoviridae,Ebolavirus,Ebola Virus/ Sudan Virus/ Tai Forest Virus/ Bundibugyo Virus,Africa,Liberia,2015-08-20,Suspected,Not available,
Filoviridae,Ebolavirus,Ebola Virus/ Sudan Virus/ Tai Forest Virus/ Bundibugyo Virus,Africa,Liberia,2015-08-30,Suspected,Not available,
Filoviridae,Ebolavirus,Ebola Virus/ Sudan Virus/ Tai Forest Virus/ Bundibugyo Virus,Africa,Liberia,2015-09-06,Suspected,Data not available.,
Filoviridae,Ebolavirus,Ebola Virus/ Sudan Virus/ Tai Forest Virus/ Bundibugyo Virus,Africa,Liberia,2015-09-07,Suspected,Not available,
Filoviridae,Ebolavirus,Ebola Virus/ Sudan Virus/ Tai Forest Virus/ Bundibugyo Virus,Africa,Liberia,2015-09-07,Suspected,Data not available.,
Filoviridae,Ebolavirus,Ebola Virus/ Sudan Virus/ Tai Forest Virus/ Bundibugyo Virus,Africa,Liberia,2015-09-17,Suspected,Not available,
Filoviridae,Ebolavirus,Ebola Virus/ Sudan Virus/ Tai Forest Virus/ Bundibugyo Virus,Africa,Liberia,2015-09-20,Suspected,Not available,
Filoviridae,Ebolavirus,Ebola Virus/ Sudan Virus/ Tai Forest Virus/ Bundibugyo Virus,Africa,Liberia,2015-09-20,Suspected,Data not available.,
Filoviridae,Ebolavirus,Ebola Virus/ Sudan Virus/ Tai Forest Virus/ Bundibugyo Virus,Africa,Liberia,2015-11-22,Suspected,Not available,
Filoviridae,Ebolavirus,Ebola Virus/ Sudan Virus/ Tai Forest Virus/ Bundibugyo Virus,Africa,Liberia,2015-11-22,Suspected,Data not available.,
Filoviridae,Ebolavirus,Ebola Virus/ Sudan Virus/ Tai Forest Virus/ Bundibugyo Virus,Africa,Liberia,2015-11-29,Suspected,Not available,
Filoviridae,Ebolavirus,Ebola Virus/ Sudan Virus/ Tai Forest Virus/ Bundibugyo Virus,Africa,Liberia,2015-11-29,Suspected,Data not available.,
Filoviridae,Ebolavirus,Ebola Virus/ Sudan Virus/ Tai Forest Virus/ Bundibugyo Virus,Africa,Liberia,2015-12-06,Suspected,Not available,
Filoviridae,Ebolavirus,Ebola Virus/ Sudan Virus/ Tai Forest Virus/ Bundibugyo Virus,Africa,Liberia,2015-12-06,Suspected,Data not available.,
Filoviridae,Ebolavirus,Ebola Virus/ Sudan Virus/ Tai Forest Virus/ Bundibugyo Virus,Africa,Liberia,2015-12-13,Suspected,Data not available.,
Filoviridae,Ebolavirus,Ebola Virus/ Sudan Virus/ Tai Forest Virus/ Bundibugyo Virus,Africa,Liberia,2015-12-13,Suspected,Not available,
Filoviridae,Ebolavirus,Ebola Virus/ Sudan Virus/ Tai Forest Virus/ Bundibugyo Virus,Africa,Liberia,2015-12-20,Suspected,Not available,
Filoviridae,Ebolavirus,Ebola Virus/ Sudan Virus/ Tai Forest Virus/ Bundibugyo Virus,Africa,Liberia,2015-12-20,Suspected,Data not available.,
Filoviridae,Ebolavirus,Ebola Virus/ Sudan Virus/ Tai Forest Virus/ Bundibugyo Virus,Africa,Liberia,2015-12-27,Suspected,Data not available.,
Filoviridae,Ebolavirus,Ebola Virus/ Sudan Virus/ Tai Forest Virus/ Bundibugyo Virus,Africa,Liberia,2016-01-03,Suspected,Data not available.,
Filoviridae,Ebolavirus,Ebola Virus/ Sudan Virus/ Tai Forest Virus/ Bundibugyo Virus,Africa,Liberia,2016-01-10,Suspected,Data not available.,
Filoviridae,Ebolavirus,Ebola Virus/ Sudan Virus/ Tai Forest Virus/ Bundibugyo Virus,Africa,Sierra Leone,2014-11-25,Suspected,1128,
Filoviridae,Ebolavirus,Ebola Virus/ Sudan Virus/ Tai Forest Virus/ Bundibugyo Virus,Africa,Sierra Leone,2014-11-28,Suspected,1199,
Filoviridae,Ebolavirus,Ebola Virus/ Sudan Virus/ Tai Forest Virus/ Bundibugyo Virus,Africa,Sierra Leone,2014-11-30,Suspected,1255,
Filoviridae,Ebolavirus,Ebola Virus/ Sudan Virus/ Tai Forest Virus/ Bundibugyo Virus,Africa,Sierra Leone,2014-12-01,Suspected,1302,
Filoviridae,Ebolavirus,Ebola Virus/ Sudan Virus/ Tai Forest Virus/ Bundibugyo Virus,Africa,Sierra Leone,2014-12-03,Suspected,1355,
Filoviridae,Ebolavirus,Ebola Virus/ Sudan Virus/ Tai Forest Virus/ Bundibugyo Virus,Africa,Sierra Leone,2014-12-06,Suspected,1402,
Filoviridae,Ebolavirus,Ebola Virus/ Sudan Virus/ Tai Forest Virus/ Bundibugyo Virus,Africa,Sierra Leone,2014-12-07,Suspected,1443,
Filoviridae,Ebolavirus,Ebola Virus/ Sudan Virus/ Tai Forest Virus/ Bundibugyo Virus,Africa,Sierra Leone,2014-12-09,Suspected,1478,
Filoviridae,Ebolavirus,Ebola Virus/ Sudan Virus/ Tai Forest Virus/ Bundibugyo Virus,Africa,Sierra Leone,2014-12-10,Suspected,1493,
Filoviridae,Ebolavirus,Ebola Virus/ Sudan Virus/ Tai Forest Virus/ Bundibugyo Virus,Africa,Sierra Leone,2014-12-13,Suspected,1556,
Filoviridae,Ebolavirus,Ebola Virus/ Sudan Virus/ Tai Forest Virus/ Bundibugyo Virus,Africa,Sierra Leone,2014-12-14,Suspected,1575,
Filoviridae,Ebolavirus,Ebola Virus/ Sudan Virus/ Tai Forest Virus/ Bundibugyo Virus,Africa,Sierra Leone,2014-12-17,Suspected,1616,
Filoviridae,Ebolavirus,Ebola Virus/ Sudan Virus/ Tai Forest Virus/ Bundibugyo Virus,Africa,Sierra Leone,2014-12-20,Suspected,1677,
Filoviridae,Ebolavirus,Ebola Virus/ Sudan Virus/ Tai Forest Virus/ Bundibugyo Virus,Africa,Sierra Leone,2014-12-21,Suspected,1700,
Filoviridae,Ebolavirus,Ebola Virus/ Sudan Virus/ Tai Forest Virus/ Bundibugyo Virus,Africa,Sierra Leone,2014-12-24,Suspected,1756,
Filoviridae,Ebolavirus,Ebola Virus/ Sudan Virus/ Tai Forest Virus/ Bundibugyo Virus,Africa,Sierra Leone,2014-12-27,Suspected,1796,
Filoviridae,Ebolavirus,Ebola Virus/ Sudan Virus/ Tai Forest Virus/ Bundibugyo Virus,Africa,Sierra Leone,2014-12-28,Suspected,1805,
Filoviridae,Ebolavirus,Ebola Virus/ Sudan Virus/ Tai Forest Virus/ Bundibugyo Virus,Africa,Sierra Leone,2014-12-31,Suspected,1870,
Filoviridae,Ebolavirus,Ebola Virus/ Sudan Virus/ Tai Forest Virus/ Bundibugyo Virus,Africa,Sierra Leone,2015-01-03,Suspected,1915,
Filoviridae,Ebolavirus,Ebola Virus/ Sudan Virus/ Tai Forest Virus/ Bundibugyo Virus,Africa,Sierra Leone,2015-01-04,Suspected,1891,
Filoviridae,Ebolavirus,Ebola Virus/ Sudan Virus/ Tai Forest Virus/ Bundibugyo Virus,Africa,Sierra Leone,2015-01-06,Suspected,1984,
Filoviridae,Ebolavirus,Ebola Virus/ Sudan Virus/ Tai Forest Virus/ Bundibugyo Virus,Africa,Sierra Leone,2015-01-10,Suspected,2041,
Filoviridae,Ebolavirus,Ebola Virus/ Sudan Virus/ Tai Forest Virus/ Bundibugyo Virus,Africa,Sierra Leone,2015-01-11,Suspected,2051,
Filoviridae,Ebolavirus,Ebola Virus/ Sudan Virus/ Tai Forest Virus/ Bundibugyo Virus,Africa,Sierra Leone,2015-01-12,Suspected,2061,
Filoviridae,Ebolavirus,Ebola Virus/ Sudan Virus/ Tai Forest Virus/ Bundibugyo Virus,Africa,Sierra Leone,2015-01-13,Suspected,2074,
Filoviridae,Ebolavirus,Ebola Virus/ Sudan Virus/ Tai Forest Virus/ Bundibugyo Virus,Africa,Sierra Leone,2015-01-17,Suspected,2136,
Filoviridae,Ebolavirus,Ebola Virus/ Sudan Virus/ Tai Forest Virus/ Bundibugyo Virus,Africa,Sierra Leone,2015-01-18,Suspected,2150,
Filoviridae,Ebolavirus,Ebola Virus/ Sudan Virus/ Tai Forest Virus/ Bundibugyo Virus,Africa,Sierra Leone,2015-01-19,Suspected,2166,
Filoviridae,Ebolavirus,Ebola Virus/ Sudan Virus/ Tai Forest Virus/ Bundibugyo Virus,Africa,Sierra Leone,2015-01-20,Suspected,2192,
Filoviridae,Ebolavirus,Ebola Virus/ Sudan Virus/ Tai Forest Virus/ Bundibugyo Virus,Africa,Sierra Leone,2015-01-24,Suspected,2241,
Filoviridae,Ebolavirus,Ebola Virus/ Sudan Virus/ Tai Forest Virus/ Bundibugyo Virus,Africa,Sierra Leone,2015-01-25,Suspected,2263,
Filoviridae,Ebolavirus,Ebola Virus/ Sudan Virus/ Tai Forest Virus/ Bundibugyo Virus,Africa,Sierra Leone,2015-01-26,Suspected,2273,
Filoviridae,Ebolavirus,Ebola Virus/ Sudan Virus/ Tai Forest Virus/ Bundibugyo Virus,Africa,Sierra Leone,2015-01-27,Suspected,2285,
Filoviridae,Ebolavirus,Ebola Virus/ Sudan Virus/ Tai Forest Virus/ Bundibugyo Virus,Africa,Sierra Leone,2015-01-31,Suspected,2378,
Filoviridae,Ebolavirus,Ebola Virus/ Sudan Virus/ Tai Forest Virus/ Bundibugyo Virus,Africa,Sierra Leone,2015-02-01,Suspected,2394,
Filoviridae,Ebolavirus,Ebola Virus/ Sudan Virus/ Tai Forest Virus/ Bundibugyo Virus,Africa,Sierra Leone,2015-02-02,Suspected,2406,
Filoviridae,Ebolavirus,Ebola Virus/ Sudan Virus/ Tai Forest Virus/ Bundibugyo Virus,Africa,Sierra Leone,2015-02-03,Suspected,2421,
Filoviridae,Ebolavirus,Ebola Virus/ Sudan Virus/ Tai Forest Virus/ Bundibugyo Virus,Africa,Sierra Leone,2015-02-07,Suspected,2496,
Filoviridae,Ebolavirus,Ebola Virus/ Sudan Virus/ Tai Forest Virus/ Bundibugyo Virus,Africa,Sierra Leone,2015-02-08,Suspected,2512,
Filoviridae,Ebolavirus,Ebola Virus/ Sudan Virus/ Tai Forest Virus/ Bundibugyo Virus,Africa,Sierra Leone,2015-02-09,Suspected,2529,
Filoviridae,Ebolavirus,Ebola Virus/ Sudan Virus/ Tai Forest Virus/ Bundibugyo Virus,Africa,Sierra Leone,2015-02-10,Suspected,2545,
Filoviridae,Ebolavirus,Ebola Virus/ Sudan Virus/ Tai Forest Virus/ Bundibugyo Virus,Africa,Sierra Leone,2015-02-14,Suspected,2588,
Filoviridae,Ebolavirus,Ebola Virus/ Sudan Virus/ Tai Forest Virus/ Bundibugyo Virus,Africa,Sierra Leone,2015-02-15,Suspected,2604,
Filoviridae,Ebolavirus,Ebola Virus/ Sudan Virus/ Tai Forest Virus/ Bundibugyo Virus,Africa,Sierra Leone,2015-02-17,Suspected,2645,
Filoviridae,Ebolavirus,Ebola Virus/ Sudan Virus/ Tai Forest Virus/ Bundibugyo Virus,Africa,Sierra Leone,2015-02-22,Suspected,2725,
Filoviridae,Ebolavirus,Ebola Virus/ Sudan Virus/ Tai Forest Virus/ Bundibugyo Virus,Africa,Sierra Leone,2015-02-24,Suspected,2746,
Filoviridae,Ebolavirus,Ebola Virus/ Sudan Virus/ Tai Forest Virus/ Bundibugyo Virus,Africa,Sierra Leone,2015-02-25,Suspected,2763,
Filoviridae,Ebolavirus,Ebola Virus/ Sudan Virus/ Tai Forest Virus/ Bundibugyo Virus,Africa,Sierra Leone,2015-02-28,Suspected,2803,
Filoviridae,Ebolavirus,Ebola Virus/ Sudan Virus/ Tai Forest Virus/ Bundibugyo Virus,Africa,Sierra Leone,2015-03-01,Suspected,2809,
Filoviridae,Ebolavirus,Ebola Virus/ Sudan Virus/ Tai Forest Virus/ Bundibugyo Virus,Africa,Sierra Leone,2015-03-03,Suspected,2827,
Filoviridae,Ebolavirus,Ebola Virus/ Sudan Virus/ Tai Forest Virus/ Bundibugyo Virus,Africa,Sierra Leone,2015-03-04,Suspected,2841,
Filoviridae,Ebolavirus,Ebola Virus/ Sudan Virus/ Tai Forest Virus/ Bundibugyo Virus,Africa,Sierra Leone,2015-03-07,Suspected,2883,
Filoviridae,Ebolavirus,Ebola Virus/ Sudan Virus/ Tai Forest Virus/ Bundibugyo Virus,Africa,Sierra Leone,2015-03-08,Suspected,2904,
Filoviridae,Ebolavirus,Ebola Virus/ Sudan Virus/ Tai Forest Virus/ Bundibugyo Virus,Africa,Sierra Leone,2015-03-10,Suspected,2927,
Filoviridae,Ebolavirus,Ebola Virus/ Sudan Virus/ Tai Forest Virus/ Bundibugyo Virus,Africa,Sierra Leone,2015-03-11,Suspected,2940,
Filoviridae,Ebolavirus,Ebola Virus/ Sudan Virus/ Tai Forest Virus/ Bundibugyo Virus,Africa,Sierra Leone,2015-03-14,Suspected,2971,
Filoviridae,Ebolavirus,Ebola Virus/ Sudan Virus/ Tai Forest Virus/ Bundibugyo Virus,Africa,Sierra Leone,2015-03-15,Suspected,2977,
Filoviridae,Ebolavirus,Ebola Virus/ Sudan Virus/ Tai Forest Virus/ Bundibugyo Virus,Africa,Sierra Leone,2015-03-17,Suspected,2990,
Filoviridae,Ebolavirus,Ebola Virus/ Sudan Virus/ Tai Forest Virus/ Bundibugyo Virus,Africa,Sierra Leone,2015-03-18,Suspected,2999,
Filoviridae,Ebolavirus,Ebola Virus/ Sudan Virus/ Tai Forest Virus/ Bundibugyo Virus,Africa,Sierra Leone,2015-03-21,Suspected,3024,
Filoviridae,Ebolavirus,Ebola Virus/ Sudan Virus/ Tai Forest Virus/ Bundibugyo Virus,Africa,Sierra Leone,2015-03-22,Suspected,3034,
Filoviridae,Ebolavirus,Ebola Virus/ Sudan Virus/ Tai Forest Virus/ Bundibugyo Virus,Africa,Sierra Leone,2015-03-24,Suspected,3050,
Filoviridae,Ebolavirus,Ebola Virus/ Sudan Virus/ Tai Forest Virus/ Bundibugyo Virus,Africa,Sierra Leone,2015-03-25,Suspected,3070,
Filoviridae,Ebolavirus,Ebola Virus/ Sudan Virus/ Tai Forest Virus/ Bundibugyo Virus,Africa,Sierra Leone,2015-03-28,Suspected,3115,
Filoviridae,Ebolavirus,Ebola Virus/ Sudan Virus/ Tai Forest Virus/ Bundibugyo Virus,Africa,Sierra Leone,2015-03-29,Suspected,3142,
Filoviridae,Ebolavirus,Ebola Virus/ Sudan Virus/ Tai Forest Virus/ Bundibugyo Virus,Africa,Sierra Leone,2015-03-31,Suspected,3188,
Filoviridae,Ebolavirus,Ebola Virus/ Sudan Virus/ Tai Forest Virus/ Bundibugyo Virus,Africa,Sierra Leone,2015-04-05,Suspected,3297,
Filoviridae,Ebolavirus,Ebola Virus/ Sudan Virus/ Tai Forest Virus/ Bundibugyo Virus,Africa,Sierra Leone,2015-04-07,Suspected,3310,
Filoviridae,Ebolavirus,Ebola Virus/ Sudan Virus/ Tai Forest Virus/ Bundibugyo Virus,Africa,Sierra Leone,2015-04-08,Suspected,3324,
Filoviridae,Ebolavirus,Ebola Virus/ Sudan Virus/ Tai Forest Virus/ Bundibugyo Virus,Africa,Sierra Leone,2015-04-10,Suspected,3341,
Filoviridae,Ebolavirus,Ebola Virus/ Sudan Virus/ Tai Forest Virus/ Bundibugyo Virus,Africa,Sierra Leone,2015-04-12,Suspected,3351,
Filoviridae,Ebolavirus,Ebola Virus/ Sudan Virus/ Tai Forest Virus/ Bundibugyo Virus,Africa,Sierra Leone,2015-04-14,Suspected,3370,
Filoviridae,Ebolavirus,Ebola Virus/ Sudan Virus/ Tai Forest Virus/ Bundibugyo Virus,Africa,Sierra Leone,2015-04-15,Suspected,3388,
Filoviridae,Ebolavirus,Ebola Virus/ Sudan Virus/ Tai Forest Virus/ Bundibugyo Virus,Africa,Sierra Leone,2015-04-17,Suspected,3397,
Filoviridae,Ebolavirus,Ebola Virus/ Sudan Virus/ Tai Forest Virus/ Bundibugyo Virus,Africa,Sierra Leone,2015-04-19,Suspected,3405,
Filoviridae,Ebolavirus,Ebola Virus/ Sudan Virus/ Tai Forest Virus/ Bundibugyo Virus,Africa,Sierra Leone,2015-04-21,Suspected,3426,
Filoviridae,Ebolavirus,Ebola Virus/ Sudan Virus/ Tai Forest Virus/ Bundibugyo Virus,Africa,Sierra Leone,2015-04-22,Suspected,3442,
Filoviridae,Ebolavirus,Ebola Virus/ Sudan Virus/ Tai Forest Virus/ Bundibugyo Virus,Africa,Sierra Leone,2015-04-25,Suspected,3490,
Filoviridae,Ebolavirus,Ebola Virus/ Sudan Virus/ Tai Forest Virus/ Bundibugyo Virus,Africa,Sierra Leone,2015-04-26,Suspected,3498,
Filoviridae,Ebolavirus,Ebola Virus/ Sudan Virus/ Tai Forest Virus/ Bundibugyo Virus,Africa,Sierra Leone,2015-04-28,Suspected,3512,
Filoviridae,Ebolavirus,Ebola Virus/ Sudan Virus/ Tai Forest Virus/ Bundibugyo Virus,Africa,Sierra Leone,2015-04-29,Suspected,3521,
Filoviridae,Ebolavirus,Ebola Virus/ Sudan Virus/ Tai Forest Virus/ Bundibugyo Virus,Africa,Sierra Leone,2015-05-02,Suspected,3547,
Filoviridae,Ebolavirus,Ebola Virus/ Sudan Virus/ Tai Forest Virus/ Bundibugyo Virus,Africa,Sierra Leone,2015-05-03,Suspected,3558,
Filoviridae,Ebolavirus,Ebola Virus/ Sudan Virus/ Tai Forest Virus/ Bundibugyo Virus,Africa,Sierra Leone,2015-05-05,Suspected,3586,
Filoviridae,Ebolavirus,Ebola Virus/ Sudan Virus/ Tai Forest Virus/ Bundibugyo Virus,Africa,Sierra Leone,2015-05-06,Suspected,3608,
Filoviridae,Ebolavirus,Ebola Virus/ Sudan Virus/ Tai Forest Virus/ Bundibugyo Virus,Africa,Sierra Leone,2015-05-09,Suspected,3635,
Filoviridae,Ebolavirus,Ebola Virus/ Sudan Virus/ Tai Forest Virus/ Bundibugyo Virus,Africa,Sierra Leone,2015-05-10,Suspected,3639,
Filoviridae,Ebolavirus,Ebola Virus/ Sudan Virus/ Tai Forest Virus/ Bundibugyo Virus,Africa,Sierra Leone,2015-05-12,Suspected,3652,
Filoviridae,Ebolavirus,Ebola Virus/ Sudan Virus/ Tai Forest Virus/ Bundibugyo Virus,Africa,Sierra Leone,2015-05-13,Suspected,3655,
Filoviridae,Ebolavirus,Ebola Virus/ Sudan Virus/ Tai Forest Virus/ Bundibugyo Virus,Africa,Sierra Leone,2015-05-16,Suspected,3703,
Filoviridae,Ebolavirus,Ebola Virus/ Sudan Virus/ Tai Forest Virus/ Bundibugyo Virus,Africa,Sierra Leone,2015-05-17,Suspected,3740,
Filoviridae,Ebolavirus,Ebola Virus/ Sudan Virus/ Tai Forest Virus/ Bundibugyo Virus,Africa,Sierra Leone,2015-05-19,Suspected,3762,
Filoviridae,Ebolavirus,Ebola Virus/ Sudan Virus/ Tai Forest Virus/ Bundibugyo Virus,Africa,Sierra Leone,2015-05-20,Suspected,3771,
Filoviridae,Ebolavirus,Ebola Virus/ Sudan Virus/ Tai Forest Virus/ Bundibugyo Virus,Africa,Sierra Leone,2015-05-23,Suspected,3801,
Filoviridae,Ebolavirus,Ebola Virus/ Sudan Virus/ Tai Forest Virus/ Bundibugyo Virus,Africa,Sierra Leone,2015-05-24,Suspected,3811,
Filoviridae,Ebolavirus,Ebola Virus/ Sudan Virus/ Tai Forest Virus/ Bundibugyo Virus,Africa,Sierra Leone,2015-05-26,Suspected,3837,
Filoviridae,Ebolavirus,Ebola Virus/ Sudan Virus/ Tai Forest Virus/ Bundibugyo Virus,Africa,Sierra Leone,2015-05-27,Suspected,3844,
Filoviridae,Ebolavirus,Ebola Virus/ Sudan Virus/ Tai Forest Virus/ Bundibugyo Virus,Africa,Sierra Leone,2015-05-30,Suspected,3911,
Filoviridae,Ebolavirus,Ebola Virus/ Sudan Virus/ Tai Forest Virus/ Bundibugyo Virus,Africa,Sierra Leone,2015-05-31,Suspected,3920,
Filoviridae,Ebolavirus,Ebola Virus/ Sudan Virus/ Tai Forest Virus/ Bundibugyo Virus,Africa,Sierra Leone,2015-06-02,Suspected,3940,
Filoviridae,Ebolavirus,Ebola Virus/ Sudan Virus/ Tai Forest Virus/ Bundibugyo Virus,Africa,Sierra Leone,2015-06-03,Suspected,3948,
Filoviridae,Ebolavirus,Ebola Virus/ Sudan Virus/ Tai Forest Virus/ Bundibugyo Virus,Africa,Sierra Leone,2015-06-06,Suspected,3967,
Filoviridae,Ebolavirus,Ebola Virus/ Sudan Virus/ Tai Forest Virus/ Bundibugyo Virus,Africa,Sierra Leone,2015-06-07,Suspected,3979,
Filoviridae,Ebolavirus,Ebola Virus/ Sudan Virus/ Tai Forest Virus/ Bundibugyo Virus,Africa,Sierra Leone,2015-06-09,Suspected,3986,
Filoviridae,Ebolavirus,Ebola Virus/ Sudan Virus/ Tai Forest Virus/ Bundibugyo Virus,Africa,Sierra Leone,2015-06-10,Suspected,3998,
Filoviridae,Ebolavirus,Ebola Virus/ Sudan Virus/ Tai Forest Virus/ Bundibugyo Virus,Africa,Sierra Leone,2015-06-13,Suspected,4026,
Filoviridae,Ebolavirus,Ebola Virus/ Sudan Virus/ Tai Forest Virus/ Bundibugyo Virus,Africa,Sierra Leone,2015-06-14,Suspected,4029,
Filoviridae,Ebolavirus,Ebola Virus/ Sudan Virus/ Tai Forest Virus/ Bundibugyo Virus,Africa,Sierra Leone,2015-06-16,Suspected,4052,
Filoviridae,Ebolavirus,Ebola Virus/ Sudan Virus/ Tai Forest Virus/ Bundibugyo Virus,Africa,Sierra Leone,2015-06-17,Suspected,4071,
Filoviridae,Ebolavirus,Ebola Virus/ Sudan Virus/ Tai Forest Virus/ Bundibugyo Virus,Africa,Sierra Leone,2015-06-20,Suspected,4107,
Filoviridae,Ebolavirus,Ebola Virus/ Sudan Virus/ Tai Forest Virus/ Bundibugyo Virus,Africa,Sierra Leone,2015-06-21,Suspected,4115,
Filoviridae,Ebolavirus,Ebola Virus/ Sudan Virus/ Tai Forest Virus/ Bundibugyo Virus,Africa,Sierra Leone,2015-06-23,Suspected,4136,
Filoviridae,Ebolavirus,Ebola Virus/ Sudan Virus/ Tai Forest Virus/ Bundibugyo Virus,Africa,Sierra Leone,2015-06-24,Suspected,4144,
Filoviridae,Ebolavirus,Ebola Virus/ Sudan Virus/ Tai Forest Virus/ Bundibugyo Virus,Africa,Sierra Leone,2015-06-27,Suspected,4164,
Filoviridae,Ebolavirus,Ebola Virus/ Sudan Virus/ Tai Forest Virus/ Bundibugyo Virus,Africa,Sierra Leone,2015-06-28,Suspected,4167,
Filoviridae,Ebolavirus,Ebola Virus/ Sudan Virus/ Tai Forest Virus/ Bundibugyo Virus,Africa,Sierra Leone,2015-06-30,Suspected,4174,
Filoviridae,Ebolavirus,Ebola Virus/ Sudan Virus/ Tai Forest Virus/ Bundibugyo Virus,Africa,Sierra Leone,2015-07-01,Suspected,4177,
Filoviridae,Ebolavirus,Ebola Virus/ Sudan Virus/ Tai Forest Virus/ Bundibugyo Virus,Africa,Sierra Leone,2015-07-04,Suspected,4190,
Filoviridae,Ebolavirus,Ebola Virus/ Sudan Virus/ Tai Forest Virus/ Bundibugyo Virus,Africa,Sierra Leone,2015-07-05,Suspected,4194,
Filoviridae,Ebolavirus,Ebola Virus/ Sudan Virus/ Tai Forest Virus/ Bundibugyo Virus,Africa,Sierra Leone,2015-07-07,Suspected,4207,
Filoviridae,Ebolavirus,Ebola Virus/ Sudan Virus/ Tai Forest Virus/ Bundibugyo Virus,Africa,Sierra Leone,2015-07-08,Suspected,4214,
Filoviridae,Ebolavirus,Ebola Virus/ Sudan Virus/ Tai Forest Virus/ Bundibugyo Virus,Africa,Sierra Leone,2015-07-11,Suspected,4227,
Filoviridae,Ebolavirus,Ebola Virus/ Sudan Virus/ Tai Forest Virus/ Bundibugyo Virus,Africa,Sierra Leone,2015-07-12,Suspected,4234,
Filoviridae,Ebolavirus,Ebola Virus/ Sudan Virus/ Tai Forest Virus/ Bundibugyo Virus,Africa,Sierra Leone,2015-07-18,Suspected,4262,
Filoviridae,Ebolavirus,Ebola Virus/ Sudan Virus/ Tai Forest Virus/ Bundibugyo Virus,Africa,Sierra Leone,2015-07-19,Suspected,4271,
Filoviridae,Ebolavirus,Ebola Virus/ Sudan Virus/ Tai Forest Virus/ Bundibugyo Virus,Africa,Sierra Leone,2015-07-21,Suspected,4282,
Filoviridae,Ebolavirus,Ebola Virus/ Sudan Virus/ Tai Forest Virus/ Bundibugyo Virus,Africa,Sierra Leone,2015-07-22,Suspected,4284,
Filoviridae,Ebolavirus,Ebola Virus/ Sudan Virus/ Tai Forest Virus/ Bundibugyo Virus,Africa,Sierra Leone,2015-07-25,Suspected,4302,
Filoviridae,Ebolavirus,Ebola Virus/ Sudan Virus/ Tai Forest Virus/ Bundibugyo Virus,Africa,Sierra Leone,2015-07-26,Suspected,4309,
Filoviridae,Ebolavirus,Ebola Virus/ Sudan Virus/ Tai Forest Virus/ Bundibugyo Virus,Africa,Sierra Leone,2015-07-28,Suspected,4398,
Filoviridae,Ebolavirus,Ebola Virus/ Sudan Virus/ Tai Forest Virus/ Bundibugyo Virus,Africa,Sierra Leone,2015-07-29,Suspected,4406,
Filoviridae,Ebolavirus,Ebola Virus/ Sudan Virus/ Tai Forest Virus/ Bundibugyo Virus,Africa,Sierra Leone,2015-08-01,Suspected,4420,
Filoviridae,Ebolavirus,Ebola Virus/ Sudan Virus/ Tai Forest Virus/ Bundibugyo Virus,Africa,Sierra Leone,2015-08-02,Suspected,4424,
Filoviridae,Ebolavirus,Ebola Virus/ Sudan Virus/ Tai Forest Virus/ Bundibugyo Virus,Africa,Sierra Leone,2015-08-04,Suspected,4443,
Filoviridae,Ebolavirus,Ebola Virus/ Sudan Virus/ Tai Forest Virus/ Bundibugyo Virus,Africa,Sierra Leone,2015-08-05,Suspected,4445,
Filoviridae,Ebolavirus,Ebola Virus/ Sudan Virus/ Tai Forest Virus/ Bundibugyo Virus,Africa,Sierra Leone,2015-08-08,Suspected,4481,
Filoviridae,Ebolavirus,Ebola Virus/ Sudan Virus/ Tai Forest Virus/ Bundibugyo Virus,Africa,Sierra Leone,2015-08-09,Suspected,4486,
Filoviridae,Ebolavirus,Ebola Virus/ Sudan Virus/ Tai Forest Virus/ Bundibugyo Virus,Africa,Sierra Leone,2015-08-11,Suspected,4500,
Filoviridae,Ebolavirus,Ebola Virus/ Sudan Virus/ Tai Forest Virus/ Bundibugyo Virus,Africa,Sierra Leone,2015-08-12,Suspected,4501,
Filoviridae,Ebolavirus,Ebola Virus/ Sudan Virus/ Tai Forest Virus/ Bundibugyo Virus,Africa,Sierra Leone,2015-08-14,Suspected,4505,
Filoviridae,Ebolavirus,Ebola Virus/ Sudan Virus/ Tai Forest Virus/ Bundibugyo Virus,Africa,Sierra Leone,2015-08-16,Suspected,4510,
Filoviridae,Ebolavirus,Ebola Virus/ Sudan Virus/ Tai Forest Virus/ Bundibugyo Virus,Africa,Sierra Leone,2015-08-18,Suspected,4534,
Filoviridae,Ebolavirus,Ebola Virus/ Sudan Virus/ Tai Forest Virus/ Bundibugyo Virus,Africa,Sierra Leone,2015-08-19,Suspected,4549,
Filoviridae,Ebolavirus,Ebola Virus/ Sudan Virus/ Tai Forest Virus/ Bundibugyo Virus,Africa,Sierra Leone,2015-08-22,Suspected,4554,
Filoviridae,Ebolavirus,Ebola Virus/ Sudan Virus/ Tai Forest Virus/ Bundibugyo Virus,Africa,Sierra Leone,2015-08-23,Suspected,4557,
Filoviridae,Ebolavirus,Ebola Virus/ Sudan Virus/ Tai Forest Virus/ Bundibugyo Virus,Africa,Sierra Leone,2015-08-25,Suspected,4598,
Filoviridae,Ebolavirus,Ebola Virus/ Sudan Virus/ Tai Forest Virus/ Bundibugyo Virus,Africa,Sierra Leone,2015-08-26,Suspected,4602,
Filoviridae,Ebolavirus,Ebola Virus/ Sudan Virus/ Tai Forest Virus/ Bundibugyo Virus,Africa,Sierra Leone,2015-08-29,Suspected,4618,
Filoviridae,Ebolavirus,Ebola Virus/ Sudan Virus/ Tai Forest Virus/ Bundibugyo Virus,Africa,Sierra Leone,2015-08-30,Suspected,4624,
Filoviridae,Ebolavirus,Ebola Virus/ Sudan Virus/ Tai Forest Virus/ Bundibugyo Virus,Africa,Sierra Leone,2015-09-01,Suspected,4653,
Filoviridae,Ebolavirus,Ebola Virus/ Sudan Virus/ Tai Forest Virus/ Bundibugyo Virus,Africa,Sierra Leone,2015-09-02,Suspected,4654,
Filoviridae,Ebolavirus,Ebola Virus/ Sudan Virus/ Tai Forest Virus/ Bundibugyo Virus,Africa,Sierra Leone,2015-09-05,Suspected,4684,
Filoviridae,Ebolavirus,Ebola Virus/ Sudan Virus/ Tai Forest Virus/ Bundibugyo Virus,Africa,Sierra Leone,2015-09-06,Suspected,4697,
Filoviridae,Ebolavirus,Ebola Virus/ Sudan Virus/ Tai Forest Virus/ Bundibugyo Virus,Africa,Sierra Leone,2015-09-08,Suspected,4708,
Filoviridae,Ebolavirus,Ebola Virus/ Sudan Virus/ Tai Forest Virus/ Bundibugyo Virus,Africa,Sierra Leone,2015-09-09,Suspected,4711,
Filoviridae,Ebolavirus,Ebola Virus/ Sudan Virus/ Tai Forest Virus/ Bundibugyo Virus,Africa,Sierra Leone,2015-09-12,Suspected,4757,
Filoviridae,Ebolavirus,Ebola Virus/ Sudan Virus/ Tai Forest Virus/ Bundibugyo Virus,Africa,Sierra Leone,2015-09-13,Suspected,4765,
Filoviridae,Ebolavirus,Ebola Virus/ Sudan Virus/ Tai Forest Virus/ Bundibugyo Virus,Africa,Sierra Leone,2015-09-15,Suspected,4788,
Filoviridae,Ebolavirus,Ebola Virus/ Sudan Virus/ Tai Forest Virus/ Bundibugyo Virus,Africa,Sierra Leone,2015-09-16,Suspected,4794,
Filoviridae,Ebolavirus,Ebola Virus/ Sudan Virus/ Tai Forest Virus/ Bundibugyo Virus,Africa,Sierra Leone,2015-09-19,Suspected,4820,
Filoviridae,Ebolavirus,Ebola Virus/ Sudan Virus/ Tai Forest Virus/ Bundibugyo Virus,Africa,Sierra Leone,2015-09-20,Suspected,4832,
Filoviridae,Ebolavirus,Ebola Virus/ Sudan Virus/ Tai Forest Virus/ Bundibugyo Virus,Africa,Sierra Leone,2015-09-22,Suspected,4855,
Filoviridae,Ebolavirus,Ebola Virus/ Sudan Virus/ Tai Forest Virus/ Bundibugyo Virus,Africa,Sierra Leone,2015-09-23,Suspected,4864,
Filoviridae,Ebolavirus,Ebola Virus/ Sudan Virus/ Tai Forest Virus/ Bundibugyo Virus,Africa,Sierra Leone,2015-09-26,Suspected,4903,
Filoviridae,Ebolavirus,Ebola Virus/ Sudan Virus/ Tai Forest Virus/ Bundibugyo Virus,Africa,Sierra Leone,2015-09-27,Suspected,4920,
Filoviridae,Ebolavirus,Ebola Virus/ Sudan Virus/ Tai Forest Virus/ Bundibugyo Virus,Africa,Sierra Leone,2015-09-29,Suspected,4937,
Filoviridae,Ebolavirus,Ebola Virus/ Sudan Virus/ Tai Forest Virus/ Bundibugyo Virus,Africa,Sierra Leone,2015-09-30,Suspected,4940,
Filoviridae,Ebolavirus,Ebola Virus/ Sudan Virus/ Tai Forest Virus/ Bundibugyo Virus,Africa,Sierra Leone,2015-10-03,Suspected,4950,
Filoviridae,Ebolavirus,Ebola Virus/ Sudan Virus/ Tai Forest Virus/ Bundibugyo Virus,Africa,Sierra Leone,2015-10-04,Suspected,4954,
Filoviridae,Ebolavirus,Ebola Virus/ Sudan Virus/ Tai Forest Virus/ Bundibugyo Virus,Africa,Sierra Leone,2015-10-06,Suspected,4965,
Filoviridae,Ebolavirus,Ebola Virus/ Sudan Virus/ Tai Forest Virus/ Bundibugyo Virus,Africa,Sierra Leone,2015-10-07,Suspected,4966,
Filoviridae,Ebolavirus,Ebola Virus/ Sudan Virus/ Tai Forest Virus/ Bundibugyo Virus,Africa,Sierra Leone,2015-10-10,Suspected,4987,
Filoviridae,Ebolavirus,Ebola Virus/ Sudan Virus/ Tai Forest Virus/ Bundibugyo Virus,Africa,Sierra Leone,2015-10-11,Suspected,4991,
Filoviridae,Ebolavirus,Ebola Virus/ Sudan Virus/ Tai Forest Virus/ Bundibugyo Virus,Africa,Sierra Leone,2015-10-13,Suspected,5001,
Filoviridae,Ebolavirus,Ebola Virus/ Sudan Virus/ Tai Forest Virus/ Bundibugyo Virus,Africa,Sierra Leone,2015-10-14,Suspected,5001,
Filoviridae,Ebolavirus,Ebola Virus/ Sudan Virus/ Tai Forest Virus/ Bundibugyo Virus,Africa,Sierra Leone,2015-10-17,Suspected,5008,
Filoviridae,Ebolavirus,Ebola Virus/ Sudan Virus/ Tai Forest Virus/ Bundibugyo Virus,Africa,Sierra Leone,2015-10-18,Suspected,5010,
Filoviridae,Ebolavirus,Ebola Virus/ Sudan Virus/ Tai Forest Virus/ Bundibugyo Virus,Africa,Sierra Leone,2015-10-20,Suspected,5040,
Filoviridae,Ebolavirus,Ebola Virus/ Sudan Virus/ Tai Forest Virus/ Bundibugyo Virus,Africa,Sierra Leone,2015-10-21,Suspected,5047,
Filoviridae,Ebolavirus,Ebola Virus/ Sudan Virus/ Tai Forest Virus/ Bundibugyo Virus,Africa,Sierra Leone,2015-10-24,Suspected,5061,
Filoviridae,Ebolavirus,Ebola Virus/ Sudan Virus/ Tai Forest Virus/ Bundibugyo Virus,Africa,Sierra Leone,2015-10-25,Suspected,5070,
Filoviridae,Ebolavirus,Ebola Virus/ Sudan Virus/ Tai Forest Virus/ Bundibugyo Virus,Africa,Sierra Leone,2015-10-27,Suspected,5075,
Filoviridae,Ebolavirus,Ebola Virus/ Sudan Virus/ Tai Forest Virus/ Bundibugyo Virus,Africa,Sierra Leone,2015-10-28,Suspected,5076,
Filoviridae,Ebolavirus,Ebola Virus/ Sudan Virus/ Tai Forest Virus/ Bundibugyo Virus,Africa,Sierra Leone,2015-10-31,Suspected,5087,
Filoviridae,Ebolavirus,Ebola Virus/ Sudan Virus/ Tai Forest Virus/ Bundibugyo Virus,Africa,Sierra Leone,2015-11-01,Suspected,5098,
Filoviridae,Ebolavirus,Ebola Virus/ Sudan Virus/ Tai Forest Virus/ Bundibugyo Virus,Africa,Sierra Leone,2015-11-03,Suspected,5113,
Filoviridae,Ebolavirus,Ebola Virus/ Sudan Virus/ Tai Forest Virus/ Bundibugyo Virus,Africa,Sierra Leone,2015-11-04,Suspected,5118,
Filoviridae,Ebolavirus,Ebola Virus/ Sudan Virus/ Tai Forest Virus/ Bundibugyo Virus,Africa,Sierra Leone,2015-11-07,Suspected,5131,
Filoviridae,Ebolavirus,Ebola Virus/ Sudan Virus/ Tai Forest Virus/ Bundibugyo Virus,Africa,Sierra Leone,2016-01-17,Suspected,0,
Filoviridae,Ebolavirus,Ebola Virus/ Sudan Virus/ Tai Forest Virus/ Bundibugyo Virus,Africa,Sierra Leone,2016-01-24,Suspected,0,
Filoviridae,Ebolavirus,Ebola Virus/ Sudan Virus/ Tai Forest Virus/ Bundibugyo Virus,Africa,Sierra Leone,2016-01-31,Suspected,0,
Filoviridae,Ebolavirus,Ebola Virus/ Sudan Virus/ Tai Forest Virus/ Bundibugyo Virus,Africa,Sierra Leone,2016-02-07,Suspected,0,
