,Country,Data as of,Case definition,Number of cases Cumulative,Number of cases in past 21 days,Number of deaths Cumulative
0,Liberia,2014-11-24, Probable,1771,,Not available
1,Liberia,2014-11-24, Suspected,2720,,Not available
2,Liberia,2014-11-24, Confirmed,2753,,Not available
3,Liberia,2014-11-24, Total,7244,,3029
4,Liberia,2014-11-28, Confirmed,2801,278,Data not available
5,Liberia,2014-11-28, Probable,1792,Not reported,Data not available
6,Liberia,2014-11-28, Suspected,3042,Not reported,Data not available
7,Liberia,2014-11-28, Confirmed,2801,,Not available
8,Liberia,2014-11-28, Total,7635,278,3145
9,Liberia,2014-11-28, Suspected,3042,,Not available
10,Liberia,2014-11-28, Total,7635,,3145
11,Liberia,2014-11-28, Total,7635,,3145
12,Liberia,2014-11-28, Suspected,3042,,Not available
13,Liberia,2014-11-28, Probable,1792,,Not available
14,Liberia,2014-11-28, Confirmed,2801,,Not available
15,Liberia,2014-11-28, Probable,1792,,Not available
16,Liberia,2014-11-29, Confirmed,2805,,Not available
17,Liberia,2014-11-29, Probable,1792,,Not available
18,Liberia,2014-11-29, Suspected,3053,,Not available
19,Liberia,2014-11-29, Total,7650,,3155
20,Liberia,2014-12-02, Total,7690,,3161
21,Liberia,2014-12-02, Suspected,3057,,Not available
22,Liberia,2014-12-02, Confirmed,2824,,Not available
23,Liberia,2014-12-02, Probable,1809,,Not available
24,Liberia,2014-12-03, Probable,1814,186,Not reported
25,Liberia,2014-12-03, Suspected,3075,441,Not reported
26,Liberia,2014-12-03, Total,7719,852,3177
27,Liberia,2014-12-03, Confirmed,2830,225,Not reported
28,Liberia,2014-12-03, Confirmed,2830,,Not available
29,Liberia,2014-12-03, Probable,1814,,Not available
30,Liberia,2014-12-03, Suspected,3075,,Not available
31,Liberia,2014-12-03, Total,7719,,3177
32,Liberia,2014-12-07, Confirmed,2869,,Not available
33,Liberia,2014-12-07, Total,7765,,3222
34,Liberia,2014-12-07, Suspected,3067,,Not available
35,Liberia,2014-12-07, Probable,1829,,Not available
36,Liberia,2014-12-07, Confirmed,2869,,Not available
37,Liberia,2014-12-07, Total,7765,,3222
38,Liberia,2014-12-07, Suspected,3067,,Not available
39,Liberia,2014-12-07, Probable,1829,,Not available
40,Liberia,2014-12-09, Total,7797,,3290
41,Liberia,2014-12-09, Suspected,3050,,Not available
42,Liberia,2014-12-09, Probable,1801,,Not available
43,Liberia,2014-12-09, Confirmed,2946,,Not available
44,Liberia,2014-12-09, Suspected,3050,Not reported,Data not available.
45,Liberia,2014-12-09, Probable,1801,Not reported,Data not available.
46,Liberia,2014-12-09, Confirmed,2946,185,Data not available.
47,Liberia,2014-12-09, Total,7797,185,3290
48,Liberia,2014-12-14, Confirmed,3021,,Not available
49,Liberia,2014-12-14, Probable,1764,,Not available
50,Liberia,2014-12-14, Suspected,3034,,Not available
51,Liberia,2014-12-14, Total,7819,,3346
52,Liberia,2014-12-18, Confirmed,3085,,Not available
53,Liberia,2014-12-18, Probable,1754,,Not available
54,Liberia,2014-12-18, Suspected,2991,,Not available
55,Liberia,2014-12-18, Confirmed,3085,,Not available
56,Liberia,2014-12-18, Probable,1754,,Not available
57,Liberia,2014-12-18, Suspected,2991,,Not available
58,Liberia,2014-12-18, Total,7830,,3376
59,Liberia,2014-12-18, Total,7830,,3376
60,Liberia,2014-12-20, Suspected,3020,,Not available
61,Liberia,2014-12-20, Confirmed,3085,121,Not available
62,Liberia,2014-12-20, Probable,1757,Not reported,Not available
63,Liberia,2014-12-20, Confirmed,3085,,Not available
64,Liberia,2014-12-20, Suspected,3020,Not reported,Not available
65,Liberia,2014-12-20, Total,7862,121,3384
66,Liberia,2014-12-20, Total,7862,,3384
67,Liberia,2014-12-20, Probable,1757,,Not available
68,Liberia,2014-12-24, Total,7977,,3413
69,Liberia,2014-12-24, Confirmed,3108,,Not available
70,Liberia,2014-12-24, Probable,1773,,Not available
71,Liberia,2014-12-24, Suspected,3096,,Not available
72,Liberia,2014-12-24, Suspected,3096,,Not available
73,Liberia,2014-12-24, Probable,1773,,Not available
74,Liberia,2014-12-24, Confirmed,3108,,Not available
75,Liberia,2014-12-24, Total,7977,,3413
76,Liberia,2014-12-28, Suspected,3132,Not reported,Not available
77,Liberia,2014-12-28, Total,8018,92,3423
78,Liberia,2014-12-28, Confirmed,3110,,Not available
79,Liberia,2014-12-28, Probable,1776,Not reported,Not available
80,Liberia,2014-12-28, Probable,1776,,Not available
81,Liberia,2014-12-28, Total,8018,,3423
82,Liberia,2014-12-28, Confirmed,3110,92,Not available
83,Liberia,2014-12-28, Suspected,3132,,Not available
84,Liberia,2014-12-31, Confirmed,3116,,Not available
85,Liberia,2014-12-31, Probable,1805,,Not available
86,Liberia,2014-12-31, Suspected,3198,,Not available
87,Liberia,2014-12-31, Total,8115,,3471
88,Liberia,2015-01-02, Suspected,3223,,Not available
89,Liberia,2015-01-02, Total,8157,70,3496
90,Liberia,2015-01-02, Suspected,3223,Not reported,Data not available.
91,Liberia,2015-01-02, Probable,1816,Not reported,Data not available.
92,Liberia,2015-01-02, Confirmed,3118,70,Data not available.
93,Liberia,2015-01-02, Probable,1816,,Not available
94,Liberia,2015-01-02, Confirmed,3118,,Not available
95,Liberia,2015-01-02, Total,8157,,3496
96,Liberia,2015-01-03, Suspected,3232,,Not available
97,Liberia,2015-01-03, Probable,1816,,Not available
98,Liberia,2015-01-03, Confirmed,3118,,Not available
99,Liberia,2015-01-03, Total,8166,,3496
100,Liberia,2015-01-06, Suspected,3309,,Not available
101,Liberia,2015-01-06, Confirmed,3123,,Not available
102,Liberia,2015-01-06, Total,8263,,3515
103,Liberia,2015-01-06, Probable,1831,,Not available
104,Liberia,2015-01-07, Suspected,3322,,Not available
105,Liberia,2015-01-07, Confirmed,3123,,Not available
106,Liberia,2015-01-07, Probable,1833,,Not available
107,Liberia,2015-01-07, Confirmed,3123,,Not available
108,Liberia,2015-01-07, Total,8278,,3515
109,Liberia,2015-01-07, Probable,1833,,Not available
110,Liberia,2015-01-07, Suspected,3322,,Not available
111,Liberia,2015-01-07, Total,8278,,3515
112,Liberia,2015-01-11, Suspected,3365,Not reported,Data not available. 
113,Liberia,2015-01-11, Total,8331,48,3538
114,Liberia,2015-01-11, Probable,1839,Not reported,Data not available. 
115,Liberia,2015-01-11, Confirmed,3127,48,Data not available. 
116,Liberia,2015-01-12, Suspected,3394,,Not available
117,Liberia,2015-01-12, Probable,1841,,Not available
118,Liberia,2015-01-12, Probable,1841,,Not available
119,Liberia,2015-01-12, Confirmed,3127,,Not available
120,Liberia,2015-01-12, Total,8362,,3556
121,Liberia,2015-01-12, Confirmed,3127,,Not available
122,Liberia,2015-01-12, Total,8362,,3556
123,Liberia,2015-01-12, Suspected,3394,,Not available
124,Liberia,2015-01-15, Total,8435,,3587
125,Liberia,2015-01-15, Suspected,3454,,Not available
126,Liberia,2015-01-15, Confirmed,3131,,Not available
127,Liberia,2015-01-15, Probable,1850,,Not available
128,Liberia,2015-01-18, Probable,1854,Not reported,Data not available.
129,Liberia,2015-01-18, Confirmed,3135,25,Data not available.
130,Liberia,2015-01-18, Total,8478,,3605
131,Liberia,2015-01-18, Suspected,3489,Not reported,Data not available.
132,Liberia,2015-01-18, Confirmed,3135,,Not available
133,Liberia,2015-01-18, Total,8478,25,3605
134,Liberia,2015-01-18, Suspected,3489,,Not available
135,Liberia,2015-01-18, Probable,1854,,Not available
136,Liberia,2015-01-20, Suspected,3534,,Not available
137,Liberia,2015-01-20, Total,8524,,3636
138,Liberia,2015-01-20, Total,8524,,3636
139,Liberia,2015-01-20, Suspected,3534,,Not available
140,Liberia,2015-01-20, Confirmed,3136,,Not available
141,Liberia,2015-01-20, Probable,1854,,Not available
142,Liberia,2015-01-20, Probable,1854,,Not available
143,Liberia,2015-01-20, Confirmed,3136,,Not available
144,Liberia,2015-01-20, Total,8524,,3636
145,Liberia,2015-01-20, Suspected,3534,,not available
146,Liberia,2015-01-20, Probable,1854,,not available
147,Liberia,2015-01-20, Confirmed,3136,,not available
148,Liberia,2015-01-25, Confirmed,3138,,Not available
149,Liberia,2015-01-25, Suspected,3620,,Not available
150,Liberia,2015-01-25, Probable,1864,,Not available
151,Liberia,2015-01-25, Total,8622,,3686
152,Liberia,2015-01-25, Confirmed,3138,20,Data not available
153,Liberia,2015-01-25, Probable,1864,Not reported,Data not available
154,Liberia,2015-01-25, Total,8622,20,3686
155,Liberia,2015-01-25, Suspected,3620,Not reported,Data not available
156,Liberia,2015-01-26, Confirmed,3138,,Not available
157,Liberia,2015-01-26, Probable,1864,,Not available
158,Liberia,2015-01-26, Suspected,3641,,Not available
159,Liberia,2015-01-26, Total,8643,,3700
160,Liberia,2015-01-26, Confirmed,3138,,Not available
161,Liberia,2015-01-26, Suspected,3641,,Not available
162,Liberia,2015-01-26, Total,8643,,3700
163,Liberia,2015-01-26, Probable,1864,,Not available
164,Liberia,2015-01-28, Total,8668,,3710
165,Liberia,2015-01-28, Probable,1864,,Not available
166,Liberia,2015-01-28, Suspected,3666,,Not available
167,Liberia,2015-01-28, Confirmed,3138,,Not available
168,Liberia,2015-01-31, Probable,1869,,Not available
169,Liberia,2015-01-31, Total,8729,,3739
170,Liberia,2015-01-31, Confirmed,3143,,Not available
171,Liberia,2015-01-31, Suspected,3717,,Not available
172,Liberia,2015-02-01, Confirmed,3143,,Not available
173,Liberia,2015-02-01, Probable,1870,,Not available
174,Liberia,2015-02-01, Total,8745,,3746
175,Liberia,2015-02-01, Suspected,3732,,Not available
176,Liberia,2015-02-01, Total,8745,17,3746
177,Liberia,2015-02-01, Suspected,3732,Not reported,Data not available
178,Liberia,2015-02-01, Confirmed,3143,,Not available
179,Liberia,2015-02-01, Confirmed,3143,17,Data not available
180,Liberia,2015-02-01, Probable,1870,Not reported,Data not available
181,Liberia,2015-02-01, Suspected,3732,,Not available
182,Liberia,2015-02-01, Total,8745,,3746
183,Liberia,2015-02-01, Probable,1870,,Not available
184,Liberia,2015-02-07, Total,8881,12,3826
185,Liberia,2015-02-07, Suspected,3862,,Not available
186,Liberia,2015-02-07, Probable,1873,,Not available
187,Liberia,2015-02-07, Suspected,3862,Not reported,Data not available. 
188,Liberia,2015-02-07, Probable,1873,Not reported,Data not available. 
189,Liberia,2015-02-07, Total,8881,,3826
190,Liberia,2015-02-07, Confirmed,3146,12,Not available
191,Liberia,2015-02-07, Confirmed,3146,,Not available
192,Liberia,2015-02-07, Probable,1873,,Not available
193,Liberia,2015-02-07, Suspected,3862,,Not available
194,Liberia,2015-02-07, Total,8881,,3826
195,Liberia,2015-02-07, Confirmed,3146,,Not available
196,Liberia,2015-02-07, Probable,1873,,Not available
197,Liberia,2015-02-07, Suspected,3862,,Not available
198,Liberia,2015-02-07, Total,8881,,3826
199,Liberia,2015-02-07, Confirmed,3146,,Not available
200,Liberia,2015-02-09, Confirmed,3147,,Not available
201,Liberia,2015-02-09, Probable,1876,,Not available
202,Liberia,2015-02-09, Suspected,3908,,Not available
203,Liberia,2015-02-09, Total,8931,,3858
204,Liberia,2015-02-12, Suspected,3982,,Not available
205,Liberia,2015-02-12, Confirmed,3149,,Not available
206,Liberia,2015-02-12, Confirmed,3149,,Not available
207,Liberia,2015-02-12, Probable,1876,,Not available
208,Liberia,2015-02-12, Total,9007,11,3900
209,Liberia,2015-02-12, Suspected,3982,Not reported,Data not available.
210,Liberia,2015-02-12, Confirmed,3149,11,Data not available.
211,Liberia,2015-02-12, Probable,1876,,Not available
212,Liberia,2015-02-12, Total,9007,,3900
213,Liberia,2015-02-12, Suspected,3982,,Not available
214,Liberia,2015-02-12, Probable,1876,Not reported,Data not available.
215,Liberia,2015-02-12, Total,9007,,3900
216,Liberia,2015-02-16, Confirmed,3152,,Not available
217,Liberia,2015-02-16, Probable,1882,,Not available
218,Liberia,2015-02-16, Total,9096,,3947
219,Liberia,2015-02-16, Suspected,4062,,Not available
220,Liberia,2015-02-16, Confirmed,3152,,Not available
221,Liberia,2015-02-16, Total,9096,,3947
222,Liberia,2015-02-16, Suspected,4062,,Not available
223,Liberia,2015-02-16, Probable,1882,,Not available
224,Liberia,2015-02-21, Suspected,4188,,Not available
225,Liberia,2015-02-21, Confirmed,3153,,Not available
226,Liberia,2015-02-21, Probable,1888,,Not available
227,Liberia,2015-02-21, Total,9229,,4032
228,Liberia,2015-02-22, Suspected,4197,Not reported,Data not available.
229,Liberia,2015-02-22, Probable,1888,Not reported,Data not available.
230,Liberia,2015-02-22, Total,9238,10,4037
231,Liberia,2015-02-22, Confirmed,3153,10,Data not available.
232,Liberia,2015-02-23, Confirmed,3153,,Not available
233,Liberia,2015-02-23, Suspected,4224,,Not available
234,Liberia,2015-02-23, Total,9265,,4057
235,Liberia,2015-02-23, Probable,1888,,Not available
236,Liberia,2015-02-23, Probable,1888,,Not available
237,Liberia,2015-02-23, Total,9265,,4057
238,Liberia,2015-02-23, Confirmed,3153,,Not available
239,Liberia,2015-02-23, Confirmed,3153,,Not available
240,Liberia,2015-02-23, Total,9265,,4057
241,Liberia,2015-02-23, Suspected,4224,,Not available
242,Liberia,2015-02-23, Suspected,4224,,Not available
243,Liberia,2015-02-23, Probable,1888,,Not available
244,Liberia,2015-03-01, Confirmed,3150,,Not available
245,Liberia,2015-03-01, Confirmed,3150,6,Data not available
246,Liberia,2015-03-01, Probable,1877,,Not available
247,Liberia,2015-03-01, Total,9249,6,4117
248,Liberia,2015-03-01, Suspected,4222,,Not available
249,Liberia,2015-03-01, Total,9249,,4117
250,Liberia,2015-03-01, Probable,1877,Not reported,Data not available
251,Liberia,2015-03-01, Probable,1877,,Not available
252,Liberia,2015-03-01, Confirmed,3150,,Not available
253,Liberia,2015-03-01, Total,9249,,4117
254,Liberia,2015-03-01, Suspected,4222,,Not available
255,Liberia,2015-03-01, Suspected,4222,Not reported,Data not available
256,Liberia,2015-03-05, Suspected,4314,,Not available
257,Liberia,2015-03-05, Total,9343,,4162
258,Liberia,2015-03-05, Suspected,4314,,Not available
259,Liberia,2015-03-05, Probable,1879,,Not available
260,Liberia,2015-03-05, Confirmed,3150,,Not available
261,Liberia,2015-03-05, Total,9343,,4162
262,Liberia,2015-03-05, Confirmed,3150,,Not available
263,Liberia,2015-03-05, Confirmed,3150,,Not available
264,Liberia,2015-03-05, Total,9343,,4162
265,Liberia,2015-03-05, Suspected,4314,,Not available
266,Liberia,2015-03-05, Probable,1879,,Not available
267,Liberia,2015-03-05, Total,9343,4,4162
268,Liberia,2015-03-05, Suspected,4314,Not reported,Data not available.
269,Liberia,2015-03-05, Probable,1879,Not reported,Data not available.
270,Liberia,2015-03-05, Confirmed,3150,4,Data not available.
271,Liberia,2015-03-05, Probable,1879,,Not available
272,Liberia,2015-03-12, Suspected,4453,,Not available
273,Liberia,2015-03-12, Confirmed,3150,,Not available
274,Liberia,2015-03-12, Total,9482,,4241
275,Liberia,2015-03-12, Suspected,4453,,Not available
276,Liberia,2015-03-12, Probable,1879,,Not available
277,Liberia,2015-03-12, Confirmed,3150,,Not available
278,Liberia,2015-03-12, Probable,1879,,Not available
279,Liberia,2015-03-12, Total,9482,,4241
280,Liberia,2015-03-15, Suspected,4497,Not reported,Data not available
281,Liberia,2015-03-15, Total,9526,0,4264
282,Liberia,2015-03-15, Suspected,4497,,Not available
283,Liberia,2015-03-15, Total,9526,,4264
284,Liberia,2015-03-15, Confirmed,3150,0,Data not available
285,Liberia,2015-03-15, Probable,1879,Not reported,Data not available
286,Liberia,2015-03-15, Confirmed,3150,,Not available
287,Liberia,2015-03-15, Probable,1879,,Not available
288,Liberia,2015-03-17, Total,9555,,4283
289,Liberia,2015-03-17, Confirmed,3150,,Not available
290,Liberia,2015-03-17, Total,9555,,4283
291,Liberia,2015-03-17, Probable,1879,,Not available
292,Liberia,2015-03-17, Probable,1879,,Not available
293,Liberia,2015-03-17, Confirmed,3150,,Not available
294,Liberia,2015-03-17, Suspected,4526,,Not available
295,Liberia,2015-03-17, Suspected,4526,,Not available
296,Liberia,2015-03-20, Probable,1879,,Not available
297,Liberia,2015-03-20, Confirmed,3151,,Not available
298,Liberia,2015-03-20, Total,9593,,4296
299,Liberia,2015-03-20, Suspected,4563,,Not available
300,Liberia,2015-03-22, Total,9602,1,4301
301,Liberia,2015-03-22, Suspected,4572,Not reported,Data not available. 
302,Liberia,2015-03-22, Probable,1879,Not reported,Data not available. 
303,Liberia,2015-03-22, Confirmed,3151,1,Data not available. 
304,Liberia,2015-03-22, Total,9602,,4301
305,Liberia,2015-03-22, Suspected,4572,,Not available
306,Liberia,2015-03-22, Probable,1879,,Not available
307,Liberia,2015-03-22, Confirmed,3151,,Not available
308,Liberia,2015-03-22, Suspected,4572,,Not available
309,Liberia,2015-03-22, Total,9602,,4301
310,Liberia,2015-03-22, Suspected,4572,,Not available
311,Liberia,2015-03-22, Probable,1879,,Not available
312,Liberia,2015-03-22, Confirmed,3151,,Not available
313,Liberia,2015-03-22, Total,9602,,4301
314,Liberia,2015-03-22, Probable,1879,,Not available
315,Liberia,2015-03-22, Confirmed,3151,,Not available
316,Liberia,2015-03-22, Total,9602,,4301
317,Liberia,2015-03-22, Suspected,4572,,Not available
318,Liberia,2015-03-22, Probable,1879,,Not available
319,Liberia,2015-03-22, Confirmed,3151,,Not available
320,Liberia,2015-03-29, Probable,1879,,Not available
321,Liberia,2015-03-29, Confirmed,3151,,Not available
322,Liberia,2015-03-29, Total,9712,,4332
323,Liberia,2015-03-29, Suspected,4682,,Not available
324,Liberia,2015-03-29, Confirmed,3151,1,Data not available.
325,Liberia,2015-03-29, Total,9712,,4332
326,Liberia,2015-03-29, Confirmed,3151,,Not available
327,Liberia,2015-03-29, Total,9712,1,4332
328,Liberia,2015-03-29, Suspected,4682,Not reported,Data not available.
329,Liberia,2015-03-29, Probable,1879,Not reported,Data not available.
330,Liberia,2015-03-29, Probable,1879,,Not available
331,Liberia,2015-03-29, Suspected,4682,,Not available
332,Liberia,2015-04-05, Probable,1879,,Not available
333,Liberia,2015-04-05, Suspected,4832,Not reported.,Data not available. 
334,Liberia,2015-04-05, Total,9862,,4408
335,Liberia,2015-04-05, Suspected,4832,,Not available
336,Liberia,2015-04-05, Confirmed,3151,,Not available
337,Liberia,2015-04-05, Total,9862,1,4408
338,Liberia,2015-04-05, Suspected,4832,,Not available
339,Liberia,2015-04-05, Confirmed,3151,,Not available
340,Liberia,2015-04-05, Probable,1879,,Not available
341,Liberia,2015-04-05, Total,9862,,4408
342,Liberia,2015-04-05, Total,9862,,4408
343,Liberia,2015-04-05, Probable,1879,,Not available
344,Liberia,2015-04-05, Confirmed,3151,,Not available
345,Liberia,2015-04-05, Confirmed,3151,,Not available
346,Liberia,2015-04-05, Probable,1879,,Not available
347,Liberia,2015-04-05, Total,9862,,4408
348,Liberia,2015-04-05, Suspected,4832,,Not available
349,Liberia,2015-04-05, Suspected,4832,,Not available
350,Liberia,2015-04-05, Confirmed,3151,,Not available
351,Liberia,2015-04-05, Suspected,4832,,Not available
352,Liberia,2015-04-05, Total,9862,,4408
353,Liberia,2015-04-05, Confirmed,3151,1,Data not available. 
354,Liberia,2015-04-05, Probable,1879,Not reported.,Data not available. 
355,Liberia,2015-04-05, Probable,1879,,Not available
356,Liberia,2015-04-11, Confirmed,3151,,Not available
357,Liberia,2015-04-11, Suspected,5012,,Not available
358,Liberia,2015-04-11, Total,10 042,,4486
359,Liberia,2015-04-11, Total,10 042,,4486
360,Liberia,2015-04-11, Probable,1879,,Not available
361,Liberia,2015-04-11, Confirmed,3151,,Not available
362,Liberia,2015-04-11, Total,10 042,0,4486
363,Liberia,2015-04-11, Suspected,5012,,Not available
364,Liberia,2015-04-11, Probable,1879,,Not available
365,Liberia,2015-04-11, Suspected,5012,,Not available
366,Liberia,2015-04-11, Suspected,5012,Not reported.,Data not available.
367,Liberia,2015-04-11, Total,10 042,,4486
368,Liberia,2015-04-11, Suspected,5012,,Not available
369,Liberia,2015-04-11, Probable,1879,,Not available
370,Liberia,2015-04-11, Probable,1879,,Not available
371,Liberia,2015-04-11, Confirmed,3151,,Not available
372,Liberia,2015-04-11, Confirmed,3151,0,Data not available.
373,Liberia,2015-04-11, Probable,1879,Not reported.,Data not available.
374,Liberia,2015-04-11, Total,10 042,,4486
375,Liberia,2015-04-11, Confirmed,3151,,Not available
376,Liberia,2015-04-19, Total,10 212,,4573
377,Liberia,2015-04-19, Probable,1879,,Not available
378,Liberia,2015-04-19, Suspected,5182,,Not available
379,Liberia,2015-04-19, Total,10 212,,4573
380,Liberia,2015-04-19, Confirmed,3151,,Not available
381,Liberia,2015-04-19, Probable,1879,,Not available
382,Liberia,2015-04-19, Suspected,5182,,Not available
383,Liberia,2015-04-19, Total,10 212,,4573
384,Liberia,2015-04-19, Confirmed,3151,,Not available
385,Liberia,2015-04-19, Suspected,5182,,Not available
386,Liberia,2015-04-19, Confirmed,3151,0,Data not available.
387,Liberia,2015-04-19, Suspected,5182,Not reported.,Data not available.
388,Liberia,2015-04-19, Probable,1879,Not reported.,Data not available.
389,Liberia,2015-04-19, Probable,1879,,Not available
390,Liberia,2015-04-19, Total,10 212,0,4573
391,Liberia,2015-04-19, Confirmed,3151,,Not available
392,Liberia,2015-04-23, Suspected,5292,,Not available
393,Liberia,2015-04-23, Total,10 322,,4608
394,Liberia,2015-04-23, Probable,1879,,Not available
395,Liberia,2015-04-23, Confirmed,3151,,Not available
396,Liberia,2015-04-23, Confirmed,3151,,Not available
397,Liberia,2015-04-23, Total,10 322,,4608
398,Liberia,2015-04-23, Probable,1879,,Not available
399,Liberia,2015-04-23, Confirmed,3151,0,Data not available.
400,Liberia,2015-04-23, Probable,1879,Not reported.,Data not available.
401,Liberia,2015-04-23, Suspected,5292,,Not available
402,Liberia,2015-04-23, Total,10 322,,4608
403,Liberia,2015-04-23, Probable,1879,,Not available
404,Liberia,2015-04-23, Suspected,5292,Not reported.,Data not available.
405,Liberia,2015-04-23, Suspected,5292,,Not available
406,Liberia,2015-04-23, Total,10 322,,4608
407,Liberia,2015-04-23, Confirmed,3151,,Not available
408,Liberia,2015-04-23, Probable,1879,,Not available
409,Liberia,2015-04-23, Total,10 322,0,4608
410,Liberia,2015-04-23, Suspected,5292,,Not available
411,Liberia,2015-04-23, Confirmed,3151,,Not available
412,Liberia,2015-04-30, Suspected,5477,,Not available
413,Liberia,2015-04-30, Total,10 507,,4691
414,Liberia,2015-04-30, Confirmed,3151,,Not available
415,Liberia,2015-04-30, Probable,1879,,Not available
416,Liberia,2015-05-03, Suspected,5534,,Not available
417,Liberia,2015-05-03, Total,10 564,,4716
418,Liberia,2015-05-03, Total,10 564,0,4716
419,Liberia,2015-05-03, Suspected,5534,Not reported.,Data not available.
420,Liberia,2015-05-03, Probable,1879,Not reported.,Data not available.
421,Liberia,2015-05-03, Confirmed,3151,0,Data not available.
422,Liberia,2015-05-03, Probable,1879,,Not available
423,Liberia,2015-05-03, Confirmed,3151,,Not available
424,Liberia,2015-05-03, Total,10 564,,4716
425,Liberia,2015-05-03, Probable,1879,,Not available
426,Liberia,2015-05-03, Suspected,5534,,Not available
427,Liberia,2015-05-03, Confirmed,3151,,Not available
428,Liberia,2015-05-05, Confirmed,3151,,Not available
429,Liberia,2015-05-05, Probable,1879,,Not available
430,Liberia,2015-05-05, Suspected,5574,,Not available
431,Liberia,2015-05-05, Total,10 604,,4769
432,Liberia,2015-05-05, Total,10 604,,4769
433,Liberia,2015-05-05, Suspected,5574,,Not available
434,Liberia,2015-05-05, Probable,1879,,Not available
435,Liberia,2015-05-05, Suspected,5574,,Not available
436,Liberia,2015-05-05, Total,10 604,,4769
437,Liberia,2015-05-05, Confirmed,3151,0,Data not available.
438,Liberia,2015-05-05, Total,10 604,,4769
439,Liberia,2015-05-05, Total,10 604,0,4769
440,Liberia,2015-05-05, Suspected,5574,Not reported.,Data not available.
441,Liberia,2015-05-05, Confirmed,3151,,Not available
442,Liberia,2015-05-05, Probable,1879,,Not available
443,Liberia,2015-05-05, Probable,1879,Not reported.,Data not available.
444,Liberia,2015-05-05, Suspected,5574,,Not available
445,Liberia,2015-05-05, Confirmed,3151,,Not available
446,Liberia,2015-05-05, Confirmed,3151,,Not available
447,Liberia,2015-05-05, Probable,1879,,Not available
448,Liberia,2015-05-09, Confirmed,3151,-,Data not available.
449,Liberia,2015-05-09, Confirmed,3151,,Not available
450,Liberia,2015-05-09, Suspected,5636,,Not available
451,Liberia,2015-05-09, Probable,1879,,Not available
452,Liberia,2015-05-09, Suspected,5636,,Not available
453,Liberia,2015-05-09, Total,10 666,,4806
454,Liberia,2015-05-09, Suspected,5636,,Not available
455,Liberia,2015-05-09, Total,10 666,,4806
456,Liberia,2015-05-09, Suspected,5636,Not reported.,Data not available.
457,Liberia,2015-05-09, Suspected,5636,,Not available
458,Liberia,2015-05-09, Confirmed,3151,,Not available
459,Liberia,2015-05-09, Total,10 666,-,4806
460,Liberia,2015-05-09, Confirmed,3151,-,Data not available.
461,Liberia,2015-05-09, Probable,1879,-,Data not available.
462,Liberia,2015-05-09, Suspected,5636,-,Data not available.
463,Liberia,2015-05-09, Total,10 666,-,4806
464,Liberia,2015-05-09, Confirmed,3151,,Not available
465,Liberia,2015-05-09, Probable,1879,,Not available
466,Liberia,2015-05-09, Suspected,5636,,Not available
467,Liberia,2015-05-09, Total,10 666,,4806
468,Liberia,2015-05-09, Confirmed,3151,,Not available
469,Liberia,2015-05-09, Probable,1879,,Not available
470,Liberia,2015-05-09, Suspected,5636,,Not available
471,Liberia,2015-05-09, Total,10 666,,4806
472,Liberia,2015-05-09, Total,10 666,-,4806
473,Liberia,2015-05-09, Suspected,5636,-,Data not available.
474,Liberia,2015-05-09, Probable,1879,-,Data not available.
475,Liberia,2015-05-09, Confirmed,3151,-,Data not available.
476,Liberia,2015-05-09, Probable,1879,,Not available
477,Liberia,2015-05-09, Suspected,5636,Not reported.,Data not available.
478,Liberia,2015-05-09, Probable,1879,Not reported.,Data not available.
479,Liberia,2015-05-09, Confirmed,3151,0,Data not available.
480,Liberia,2015-05-09, Confirmed,3151,,Not available
481,Liberia,2015-05-09, Probable,1879,,Not available
482,Liberia,2015-05-09, Probable,1879,,Not available
483,Liberia,2015-05-09, Total,10 666,,4806
484,Liberia,2015-05-09, Confirmed,3151,,Not available
485,Liberia,2015-05-09, Confirmed,3151,-,Data not available.
486,Liberia,2015-05-09, Suspected,5636,,Not available
487,Liberia,2015-05-09, Confirmed,3151,,Not available
488,Liberia,2015-05-09, Probable,1879,-,Data not available.
489,Liberia,2015-05-09, Confirmed,3151,-,Data not available.
490,Liberia,2015-05-09, Confirmed,3151,-,Data not available.
491,Liberia,2015-05-09, Probable,1879,-,Data not available.
492,Liberia,2015-05-09, Suspected,5636,-,Data not available.
493,Liberia,2015-05-09, Total,10 666,-,4806
494,Liberia,2015-05-09, Confirmed,3151,,Not available
495,Liberia,2015-05-09, Probable,1879,,Not available
496,Liberia,2015-05-09, Suspected,5636,,Not available
497,Liberia,2015-05-09, Total,10 666,,4806
498,Liberia,2015-05-09, Probable,1879,,Not available
499,Liberia,2015-05-09, Suspected,5636,,Not available
500,Liberia,2015-05-09, Total,10 666,,4806
501,Liberia,2015-05-09, Confirmed,3151,,Not available
502,Liberia,2015-05-09, Probable,1879,,Not available
503,Liberia,2015-05-09, Suspected,5636,,Not available
504,Liberia,2015-05-09, Total,10 666,,4806
505,Liberia,2015-05-09, Confirmed,3151,,Not available
506,Liberia,2015-05-09, Suspected,5636,,Not available
507,Liberia,2015-05-09, Total,10 666,,4806
508,Liberia,2015-05-09, Confirmed,3151,0,Data not available.
509,Liberia,2015-05-09, Total,10 666,0,4806
510,Liberia,2015-05-09, Total,10 666,,4806
511,Liberia,2015-05-09, Total,10 666,,4806
512,Liberia,2015-05-09, Confirmed,3151,,Not available
513,Liberia,2015-05-09, Suspected,5636,,Not available
514,Liberia,2015-05-09, Probable,1879,-,Data not available.
515,Liberia,2015-05-09, Probable,1879,,Not available
516,Liberia,2015-05-09, Confirmed,3151,,Not available
517,Liberia,2015-05-09, Suspected,5636,-,Data not available.
518,Liberia,2015-05-09, Total,10 666,-,4806
519,Liberia,2015-05-09, Confirmed,3151,,Not available
520,Liberia,2015-05-09, Total,10 666,,4806
521,Liberia,2015-05-09, Suspected,5636,,Not available
522,Liberia,2015-05-09, Total,10 666,-,4806
523,Liberia,2015-05-09, Suspected,5636,-,Data not available.
524,Liberia,2015-05-09, Probable,1879,,Not available
525,Liberia,2015-05-09, Total,10 666,,4806
526,Liberia,2015-05-09, Total,10 666,-,4806
527,Liberia,2015-05-09, Probable,1879,Not reported.,Data not available.
528,Liberia,2015-05-09, Confirmed,3151,,Not available
529,Liberia,2015-05-09, Probable,1879,,Not available
530,Liberia,2015-05-09, Confirmed,3151,,Not available
531,Liberia,2015-05-09, Probable,1879,,Not available
532,Liberia,2015-05-09, Suspected,5636,,Not available
533,Liberia,2015-05-09, Total,10 666,,4806
534,Liberia,2015-05-09, Suspected,5636,-,Data not available.
535,Liberia,2015-05-09, Suspected,5636,,Not available
536,Liberia,2015-05-09, Total,10 666,,4806
537,Liberia,2015-05-09, Probable,1879,,Not available
538,Liberia,2015-05-09, Probable,1879,-,Data not available.
539,Liberia,2015-05-09, Probable,1879,,Not available
540,Liberia,2015-05-09, Confirmed,3151,-,Data not available.
541,Liberia,2015-05-09, Probable,1879,,Not available
542,Liberia,2015-05-09, Suspected,5636,,Not available
543,Liberia,2015-05-09, Total,10 666,,4806
544,Liberia,2015-05-09, Confirmed,3151,,Not available
545,Liberia,2015-05-09, Probable,1879,,Not available
546,Liberia,2015-05-09, Suspected,5636,,Not available
547,Liberia,2015-05-09, Total,10 666,,4806
548,Liberia,2015-05-09, Confirmed,3151,,Not available
549,Liberia,2015-05-09, Probable,1879,,Not available
550,Liberia,2015-05-09, Suspected,5636,,Not available
551,Liberia,2015-05-09, Total,10 666,,4806
552,Liberia,2015-05-09, Confirmed,3151,,Not available
553,Liberia,2015-05-09, Probable,1879,,Not available
554,Liberia,2015-05-09, Probable,1879,,Not available
555,Liberia,2015-05-09, Total,10 666,,4806
556,Liberia,2015-05-09, Confirmed,3151,,Not available
557,Liberia,2015-05-09, Probable,1879,,Not available
558,Liberia,2015-05-09, Suspected,5636,,Not available
559,Liberia,2015-05-09, Total,10 666,,4806
560,Liberia,2015-05-09, Total,10 666,,4806
561,Liberia,2015-05-09, Suspected,5636,,Not available
562,Liberia,2015-05-09, Probable,1879,,Not available
563,Liberia,2015-05-09, Confirmed,3151,,Not available
564,Liberia,2015-05-09, Confirmed,3151,,Not available
565,Liberia,2015-05-09, Probable,1879,,Not available
566,Liberia,2015-05-09, Suspected,5636,,Not available
567,Liberia,2015-05-09, Suspected,5636,,Not available
568,Liberia,2015-05-09, Confirmed,3151,,Not available
569,Liberia,2015-05-09, Probable,1879,,Not available
570,Liberia,2015-05-09, Suspected,5636,,Not available
571,Liberia,2015-05-09, Total,10 666,,4806
572,Liberia,2015-05-09, Confirmed,3151,-,Data not available.
573,Liberia,2015-05-09, Probable,1879,-,Data not available.
574,Liberia,2015-05-09, Suspected,5636,-,Data not available.
575,Liberia,2015-05-09, Total,10 666,-,4806
576,Liberia,2015-05-09, Total,10 666,,4806
577,Liberia,2015-05-09, Suspected,5636,,Not available
578,Liberia,2015-05-09, Probable,1879,,Not available
579,Liberia,2015-05-09, Confirmed,3151,,Not available
580,Liberia,2015-05-09, Confirmed,3151,-,Data not available.
581,Liberia,2015-05-09, Confirmed,3151,,Not available
582,Liberia,2015-05-09, Probable,1879,-,Data not available.
583,Liberia,2015-05-09, Total,10 666,-,4806
584,Liberia,2015-05-09, Confirmed,3151,,Not available
585,Liberia,2015-05-09, Probable,1879,,Not available
586,Liberia,2015-05-09, Suspected,5636,,Not available
587,Liberia,2015-05-09, Total,10 666,,4806
588,Liberia,2015-05-09, Confirmed,3151,,Not available
589,Liberia,2015-05-09, Probable,1879,,Not available
590,Liberia,2015-05-09, Suspected,5636,,Not available
591,Liberia,2015-05-09, Total,10 666,,4806
592,Liberia,2015-05-09, Total,10 666,,4806
593,Liberia,2015-05-09, Suspected,5636,,Not available
594,Liberia,2015-05-09, Suspected,5636,-,Data not available.
595,Liberia,2015-05-09, Probable,1879,,Not available
596,Liberia,2015-05-09, Total,10 666,,4806
597,Liberia,2015-05-09, Probable,1879,,Not available
598,Liberia,2015-05-09, Suspected,5636,,Not available
599,Liberia,2015-05-09, Total,10 666,,4806
600,Liberia,2015-05-09, Confirmed,3151,,Not available
601,Liberia,2015-05-09, Probable,1879,,Not available
602,Liberia,2015-05-09, Suspected,5636,,Not available
603,Liberia,2015-05-09, Total,10 666,,4806
604,Liberia,2015-05-09, Total,10 666,-,4806
605,Liberia,2015-05-09, Suspected,5636,-,Data not available.
606,Liberia,2015-05-09, Probable,1879,-,Data not available.
607,Liberia,2015-05-09, Confirmed,3151,-,Data not available.
608,Liberia,2015-05-09, Confirmed,3151,-,Data not available.
609,Liberia,2015-05-09, Probable,1879,,Not available
610,Liberia,2015-05-09, Probable,1879,-,Data not available.
611,Liberia,2015-05-09, Total,10 666,-,4806
612,Liberia,2015-05-09, Confirmed,3151,-,Data not available.
613,Liberia,2015-05-09, Probable,1879,-,Data not available.
614,Liberia,2015-05-09, Suspected,5636,-,Data not available.
615,Liberia,2015-05-09, Total,10 666,-,4806
616,Liberia,2015-05-09, Confirmed,3151,-,Data not available.
617,Liberia,2015-05-09, Probable,1879,-,Data not available.
618,Liberia,2015-05-09, Suspected,5636,-,Data not available.
619,Liberia,2015-05-09, Total,10 666,-,4806
620,Liberia,2015-05-09, Confirmed,3151,,Not available
621,Liberia,2015-05-09, Probable,1879,,Not available
622,Liberia,2015-05-09, Suspected,5636,-,Data not available.
623,Liberia,2015-05-09, Confirmed,3151,,Not available
624,Liberia,2015-05-09, Confirmed,3151,,Not available
625,Liberia,2015-05-09, Suspected,5636,,Not available
626,Liberia,2015-05-09, Suspected,5636,,Not available
627,Liberia,2015-05-09, Total,10 666,,4806
628,Liberia,2015-05-09, Confirmed,3151,,Not available
629,Liberia,2015-05-09, Probable,1879,,Not available
630,Liberia,2015-05-09, Suspected,5636,,Not available
631,Liberia,2015-05-09, Total,10 666,,4806
632,Liberia,2015-05-09, Confirmed,3151,,Not available
633,Liberia,2015-05-09, Probable,1879,,Not available
634,Liberia,2015-05-09, Suspected,5636,,Not available
635,Liberia,2015-05-09, Total,10 666,,4806
636,Liberia,2015-05-09, Confirmed,3151,,Not available
637,Liberia,2015-05-09, Total,10 666,,4806
638,Liberia,2015-05-09, Probable,1879,,Not available
639,Liberia,2015-05-09, Total,10 666,,4806
640,Liberia,2015-05-09, Total,10 666,,4806
641,Liberia,2015-05-09, Suspected,5636,,Not available
642,Liberia,2015-05-09, Probable,1879,,Not available
643,Liberia,2015-05-09, Confirmed,3151,,Not available
644,Liberia,2015-05-09, Confirmed,3151,-,Data not available.
645,Liberia,2015-05-09, Probable,1879,-,Data not available.
646,Liberia,2015-05-09, Suspected,5636,-,Data not available.
647,Liberia,2015-05-09, Total,10 666,-,4806
648,Liberia,2015-05-09, Confirmed,3151,,Not available
649,Liberia,2015-05-09, Probable,1879,,Not available
650,Liberia,2015-05-09, Suspected,5636,,Not available
651,Liberia,2015-05-09, Confirmed,3151,,Not available
652,Liberia,2015-05-09, Confirmed,3151,,Not available
653,Liberia,2015-05-09, Suspected,5636,,Not available
654,Liberia,2015-05-09, Suspected,5636,,Not available
655,Liberia,2015-05-09, Total,10 666,,4806
656,Liberia,2015-05-09, Total,10 666,-,4806
657,Liberia,2015-05-09, Suspected,5636,-,Data not available.
658,Liberia,2015-05-09, Probable,1879,-,Data not available.
659,Liberia,2015-05-09, Confirmed,3151,-,Data not available.
660,Liberia,2015-05-09, Confirmed,3151,-,Data not available.
661,Liberia,2015-05-09, Probable,1879,-,Data not available.
662,Liberia,2015-05-09, Suspected,5636,-,Data not available.
663,Liberia,2015-05-09, Total,10 666,-,4806
664,Liberia,2015-05-09, Total,10 666,,4806
665,Liberia,2015-05-09, Probable,1879,,Not available
666,Liberia,2015-05-09, Suspected,5636,,Not available
667,Liberia,2015-05-09, Confirmed,3151,,Not available
668,Liberia,2015-05-09, Confirmed,3151,,Not available
669,Liberia,2015-05-09, Probable,1879,,Not available
670,Liberia,2015-05-09, Suspected,5636,,Not available
671,Liberia,2015-05-09, Total,10 666,,4806
672,Liberia,2015-05-09, Confirmed,3151,-,Data not available.
673,Liberia,2015-05-09, Probable,1879,-,Data not available.
674,Liberia,2015-05-09, Suspected,5636,-,Data not available.
675,Liberia,2015-05-09, Total,10 666,-,4806
676,Liberia,2015-05-09, Confirmed,3151,,Not available
677,Liberia,2015-05-09, Probable,1879,,Not available
678,Liberia,2015-05-09, Probable,1879,,Not available
679,Liberia,2015-05-09, Suspected,5636,,Not available
680,Liberia,2015-05-09, Confirmed,3151,,Not available
681,Liberia,2015-05-09, Probable,1879,,Not available
682,Liberia,2015-05-09, Suspected,5636,,Not available
683,Liberia,2015-05-09, Total,10 666,,4806
684,Liberia,2015-05-09, Total,10 666,,4806
685,Liberia,2015-05-09, Suspected,5636,,Not available
686,Liberia,2015-05-09, Probable,1879,,Not available
687,Liberia,2015-05-09, Confirmed,3151,,Not available
688,Liberia,2015-05-09, Confirmed,3151,-,Data not available.
689,Liberia,2015-05-09, Probable,1879,-,Data not available.
690,Liberia,2015-05-09, Suspected,5636,-,Data not available.
691,Liberia,2015-05-09, Total,10 666,-,4806
692,Liberia,2015-05-09, Confirmed,3151,,Not available
693,Liberia,2015-05-09, Confirmed,3151,,Not available
694,Liberia,2015-05-09, Probable,1879,,Not available
695,Liberia,2015-05-09, Total,10 666,,4806
696,Liberia,2015-05-09, Total,10 666,-,4806
697,Liberia,2015-05-09, Suspected,5636,-,Data not available.
698,Liberia,2015-05-09, Probable,1879,-,Data not available.
699,Liberia,2015-05-09, Confirmed,3151,-,Data not available.
700,Liberia,2015-05-09, Confirmed,3151,-,Data not available.
701,Liberia,2015-05-09, Probable,1879,-,Data not available.
702,Liberia,2015-05-09, Suspected,5636,-,Data not available.
703,Liberia,2015-05-09, Total,10 666,-,4806
704,Liberia,2015-05-09, Total,10 666,,4806
705,Liberia,2015-05-09, Suspected,5636,,Not available
706,Liberia,2015-05-09, Suspected,5636,,Not available
707,Liberia,2015-05-09, Total,10 666,,4806
708,Liberia,2015-05-09, Total,10 666,,4806
709,Liberia,2015-05-09, Probable,1879,,Not available
710,Liberia,2015-05-09, Suspected,5636,,Not available
711,Liberia,2015-05-09, Total,10 666,,4806
712,Liberia,2015-05-09, Confirmed,3151,,Not available
713,Liberia,2015-05-09, Probable,1879,,Not available
714,Liberia,2015-05-09, Suspected,5636,,Not available
715,Liberia,2015-05-09, Total,10 666,,4806
716,Liberia,2015-05-09, Confirmed,3151,0,Data not available.
717,Liberia,2015-05-09, Probable,1879,Not reported.,Data not available.
718,Liberia,2015-05-09, Suspected,5636,Not reported.,Data not available.
719,Liberia,2015-05-09, Total,10 666,0,4806
720,Liberia,2015-05-09, Total,10 666,,4806
721,Liberia,2015-05-09, Probable,1879,,Not available
722,Liberia,2015-05-09, Suspected,5636,,Not available
723,Liberia,2015-05-09, Confirmed,3151,,Not available
724,Liberia,2015-05-09, Confirmed,3151,,Not available
725,Liberia,2015-05-09, Probable,1879,,Not available
726,Liberia,2015-05-09, Suspected,5636,,Not available
727,Liberia,2015-05-09, Total,10 666,,4806
728,Liberia,2015-05-09, Total,10 666,,4806
729,Liberia,2015-05-09, Suspected,5636,,Not available
730,Liberia,2015-05-09, Probable,1879,,Not available
731,Liberia,2015-05-09, Confirmed,3151,,Not available
732,Liberia,2015-05-09, Confirmed,3151,,Not available
733,Liberia,2015-05-09, Probable,1879,,Not available
734,Liberia,2015-05-09, Probable,1879,,Not available
735,Liberia,2015-05-09, Confirmed,3151,,Not available
736,Liberia,2015-05-09, Confirmed,3151,,Not available
737,Liberia,2015-05-09, Suspected,5636,,Not available
738,Liberia,2015-05-09, Suspected,5636,,Not available
739,Liberia,2015-05-09, Total,10 666,,4806
740,Liberia,2015-05-09, Suspected,5636,-,Data not available.
741,Liberia,2015-05-09, Probable,1879,-,Data not available.
742,Liberia,2015-05-09, Suspected,5636,-,Data not available.
743,Liberia,2015-05-09, Total,10 666,-,4806
744,Liberia,2015-05-09, Confirmed,3151,,Not available
745,Liberia,2015-05-09, Probable,1879,,Not available
746,Liberia,2015-05-09, Suspected,5636,,Not available
747,Liberia,2015-05-09, Total,10 666,,4806
748,Liberia,2015-05-09, Total,10 666,,4806
749,Liberia,2015-05-09, Total,10 666,,4806
750,Liberia,2015-05-09, Suspected,5636,,Not available
751,Liberia,2015-05-09, Confirmed,3151,,Not available
752,Liberia,2015-05-09, Confirmed,3151,,Not available
753,Liberia,2015-05-09, Probable,1879,,Not available
754,Liberia,2015-05-09, Suspected,5636,,Not available
755,Liberia,2015-05-09, Total,10 666,,4806
756,Liberia,2015-05-09, Total,10 666,,4806
757,Liberia,2015-05-09, Suspected,5636,,Not available
758,Liberia,2015-05-09, Probable,1879,,Not available
759,Liberia,2015-05-09, Confirmed,3151,,Not available
760,Liberia,2015-05-09, Confirmed,3151,,Not available
761,Liberia,2015-05-09, Probable,1879,,Not available
762,Liberia,2015-05-09, Probable,1879,,Not available
763,Liberia,2015-05-09, Probable,1879,-,Data not available.
764,Liberia,2015-05-09, Probable,1879,,Not available
765,Liberia,2015-05-09, Total,10 666,0,4806
766,Liberia,2015-05-09, Suspected,5636,,Not available
767,Liberia,2015-05-09, Total,10 666,,4806
768,Liberia,2015-05-09, Suspected,5636,,Not available
769,Liberia,2015-05-09, Probable,1879,,Not available
770,Liberia,2015-05-09, Confirmed,3151,,Not available
771,Liberia,2015-05-09, Total,10 666,,4806
772,Liberia,2015-05-09, Confirmed,3151,,Not available
773,Liberia,2015-05-09, Probable,1879,,Not available
774,Liberia,2015-05-09, Suspected,5636,,Not available
775,Liberia,2015-05-09, Total,10 666,,4806
776,Liberia,2015-05-09, Confirmed,3151,,Not available
777,Liberia,2015-05-09, Probable,1879,,Not available
778,Liberia,2015-05-09, Probable,1879,,Not available
779,Liberia,2015-05-09, Suspected,5636,,Not available
780,Liberia,2015-05-09, Confirmed,3151,,Not available
781,Liberia,2015-05-09, Probable,1879,,Not available
782,Liberia,2015-05-09, Suspected,5636,,Not available
783,Liberia,2015-05-09, Total,10 666,,4806
784,Liberia,2015-05-09, Suspected,5636,,Not available
785,Liberia,2015-05-09, Probable,1879,,Not available
786,Liberia,2015-05-09, Confirmed,3151,,Not available
787,Liberia,2015-05-09, Total,10 666,,4806
788,Liberia,2015-05-09, Confirmed,3151,,Not available
789,Liberia,2015-05-09, Probable,1879,,Not available
790,Liberia,2015-05-09, Suspected,5636,,Not available
791,Liberia,2015-05-09, Total,10 666,,4806
792,Liberia,2015-05-09, Total,10 666,,4806
793,Liberia,2015-05-09, Confirmed,3151,,Not available
794,Liberia,2015-05-09, Confirmed,3151,,Not available
795,Liberia,2015-05-09, Suspected,5636,,Not available
796,Liberia,2015-05-09, Confirmed,3151,,Not available
797,Liberia,2015-05-09, Probable,1879,,Not available
798,Liberia,2015-05-09, Suspected,5636,,Not available
799,Liberia,2015-05-09, Total,10 666,,4806
800,Liberia,2015-05-09, Confirmed,3151,,Not available
801,Liberia,2015-05-09, Probable,1879,,Not available
802,Liberia,2015-05-09, Suspected,5636,,Not available
803,Liberia,2015-05-09, Total,10 666,,4806
804,Liberia,2015-05-09, Confirmed,3151,,Not available
805,Liberia,2015-05-09, Probable,1879,,Not available
806,Liberia,2015-05-09, Suspected,5636,,Not available
807,Liberia,2015-05-09, Total,10 666,,4806
808,Liberia,2015-05-09, Total,10 666,,4806
809,Liberia,2015-05-09, Suspected,5636,,Not available
810,Liberia,2015-05-09, Confirmed,3151,,Not available
811,Liberia,2015-05-09, Confirmed,3151,-,Data not available.
812,Liberia,2015-05-09, Probable,1879,-,Data not available.
813,Liberia,2015-05-09, Suspected,5636,-,Data not available.
814,Liberia,2015-05-09, Total,10 666,-,4806
815,Liberia,2015-05-09, Confirmed,3151, ,Data not available.
816,Liberia,2015-05-09, Probable,1879, ,Data not available.
817,Liberia,2015-05-09, Suspected,5636, ,Data not available.
818,Liberia,2015-05-09, Total,10 666, ,4806
819,Liberia,2015-05-09, Total,10 666,,4806
820,Liberia,2015-05-09, Confirmed,3151,,Not available
821,Liberia,2015-05-09, Probable,1879,,Not available
822,Liberia,2015-05-09, Probable,1879,,Not available
823,Liberia,2015-05-09, Total,10 666,,4806
824,Liberia,2015-05-09, Probable,1879,,Not available
825,Liberia,2015-05-09, Total,10 666,,4806
826,Liberia,2015-05-09, Total,10 666,,4806
827,Liberia,2015-05-09, Total,10 666,,4806
828,Liberia,2015-05-09, Confirmed,3151,,Not available
829,Liberia,2015-05-09, Probable,1879,,Not available
830,Liberia,2015-05-09, Suspected,5636,,Not available
831,Liberia,2015-05-09, Total,10 666,,4806
832,Liberia,2015-05-09, Confirmed,3151,,Not available
833,Liberia,2015-05-09, Probable,1879,,Not available
834,Liberia,2015-05-09, Suspected,5636,,Not available
835,Liberia,2015-05-09, Total,10 666,,4806
836,Liberia,2015-05-09, Suspected,5636,,Not available
837,Liberia,2015-05-09, Probable,1879,,Not available
838,Liberia,2015-05-09, Suspected,5636,,Not available
839,Liberia,2015-05-09, Confirmed,3151,,Not available
840,Liberia,2015-05-09, Confirmed,3151,-,Data not available.
841,Liberia,2015-05-09, Probable,1879,-,Data not available.
842,Liberia,2015-05-09, Suspected,5636,-,Data not available.
843,Liberia,2015-05-09, Total,10 666,-,4806
844,Liberia,2015-05-09, Confirmed,3151,,Not available
845,Liberia,2015-05-09, Probable,1879,,Not available
846,Liberia,2015-05-09, Suspected,5636,,Not available
847,Liberia,2015-05-09, Total,10 666,,4806
848,Liberia,2015-05-09, Suspected,5636,-,Data not available.
849,Liberia,2015-05-09, Probable,1879,-,Data not available.
850,Liberia,2015-05-09, Confirmed,3151,-,Data not available.
851,Liberia,2015-05-09, Confirmed,3151,-,Data not available.
852,Liberia,2015-05-09, Total,10 666,-,4806
853,Liberia,2015-05-09, Suspected,5636,,Not available
854,Liberia,2015-05-09, Probable,1879,,Not available
855,Liberia,2015-05-09, Total,10 666,,4806
856,Liberia,2015-05-09, Suspected,5636,,Not available
857,Liberia,2015-05-09, Probable,1879,,Not available
858,Liberia,2015-05-09, Confirmed,3151,,Not available
859,Liberia,2015-05-09, Confirmed,3151,-,Data not available.
860,Liberia,2015-05-09, Probable,1879,-,Data not available.
861,Liberia,2015-05-09, Suspected,5636,-,Data not available.
862,Liberia,2015-05-09, Total,10 666,-,4806
863,Liberia,2015-05-09, Confirmed,3151,,Not available
864,Liberia,2015-05-09, Confirmed,3151,-,Data not available.
865,Liberia,2015-05-09, Suspected,5636,,Not available
866,Liberia,2015-05-09, Total,10 666,,4806
867,Liberia,2015-05-09, Confirmed,3151,,Not available
868,Liberia,2015-05-09, Confirmed,3151,,Not available
869,Liberia,2015-05-09, Probable,1879,,Not available
870,Liberia,2015-05-09, Total,10 666,,4806
871,Liberia,2015-05-09, Total,10 666,,4806
872,Liberia,2015-05-09, Confirmed,3151,-,Data not available.
873,Liberia,2015-05-09, Probable,1879,-,Data not available.
874,Liberia,2015-05-09, Suspected,5636,-,Data not available.
875,Liberia,2015-05-09, Total,10 666,-,4806
876,Liberia,2015-05-09, Suspected,5636,,Not available
877,Liberia,2015-05-09, Probable,1879,,Not available
878,Liberia,2015-05-09, Confirmed,3151,,Not available
879,Liberia,2015-05-09, Confirmed,3151,,Not available
880,Liberia,2015-05-09, Probable,1879,,Not available
881,Liberia,2015-05-09, Suspected,5636,,Not available
882,Liberia,2015-05-09, Suspected,5636,,Not available
883,Liberia,2015-05-09, Confirmed,3151,-,Data not available.
884,Liberia,2015-05-09, Probable,1879,-,Data not available.
885,Liberia,2015-05-09, Suspected,5636,-,Data not available.
886,Liberia,2015-05-09, Probable,1879,,Not available
887,Liberia,2015-05-09, Suspected,5636,,Not available
888,Liberia,2015-05-09, Total,10 666,,4806
889,Liberia,2015-05-09, Confirmed,3151,,Not available
890,Liberia,2015-05-09, Probable,1879,,Not available
891,Liberia,2015-05-09, Suspected,5636,,Not available
892,Liberia,2015-05-09, Total,10 666,,4806
893,Liberia,2015-05-09, Suspected,5636,,Not available
894,Liberia,2015-05-09, Probable,1879,,Not available
895,Liberia,2015-05-09, Confirmed,3151,,Not available
896,Liberia,2015-05-09, Confirmed,3151,-,Data not available.
897,Liberia,2015-05-09, Probable,1879,-,Data not available.
898,Liberia,2015-05-09, Confirmed,3151,,Not available
899,Liberia,2015-05-09, Suspected,5636,-,Data not available.
900,Liberia,2015-05-09, Total,10 666,,4806
901,Liberia,2015-05-09, Confirmed,3151,,Not available
902,Liberia,2015-05-09, Probable,1879,,Not available
903,Liberia,2015-05-09, Suspected,5636,,Not available
904,Liberia,2015-05-09, Total,10 666,,4806
905,Liberia,2015-05-09, Suspected,5636,,Not available
906,Liberia,2015-05-09, Probable,1879,,Not available
907,Liberia,2015-05-09, Confirmed,3151,,Not available
908,Liberia,2015-05-09, Confirmed,3151,-,Data not available.
909,Liberia,2015-05-09, Probable,1879,-,Data not available.
910,Liberia,2015-05-09, Suspected,5636,-,Data not available.
911,Liberia,2015-05-09, Total,10 666,-,4806
912,Liberia,2015-05-09, Total,10 666,-,4806
913,Liberia,2015-05-09, Confirmed,3151,,Not available
914,Liberia,2015-05-09, Total,10 666,,4806
915,Liberia,2015-05-09, Probable,1879,,Not available
916,Liberia,2015-05-09, Confirmed,3151,-,Data not available.
917,Liberia,2015-05-09, Probable,1879,-,Data not available.
918,Liberia,2015-05-09, Suspected,5636,-,Data not available.
919,Liberia,2015-05-09, Total,10 666,-,4806
920,Liberia,2015-05-09, Confirmed,3151,-,Data not available.
921,Liberia,2015-05-09, Probable,1879,-,Data not available.
922,Liberia,2015-05-09, Suspected,5636,-,Data not available.
923,Liberia,2015-05-09, Total,10 666,-,4806
924,Liberia,2015-05-09, Total,10 666,,4806
925,Liberia,2015-05-09, Confirmed,3151,,Not available
926,Liberia,2015-05-09, Probable,1879,,Not available
927,Liberia,2015-05-09, Suspected,5636,,Not available
928,Liberia,2015-05-09, Suspected,5636,,Not available
929,Liberia,2015-05-09, Total,10 666,,4806
930,Liberia,2015-05-09, Probable,1879,,Not available
931,Liberia,2015-05-09, Suspected,5636,,Not available
932,Liberia,2015-05-09, Total,10 666,,4806
933,Liberia,2015-05-09, Confirmed,3151,,Not available
934,Liberia,2015-05-09, Probable,1879,,Not available
935,Liberia,2015-05-09, Suspected,5636,,Not available
936,Liberia,2015-05-09, Total,10 666,,4806
937,Liberia,2015-05-09, Confirmed,3151,,Not available
938,Liberia,2015-05-09, Probable,1879,,Not available
939,Liberia,2015-05-09, Suspected,5636,,Not available
940,Liberia,2015-05-09, Total,10 666,,4806
941,Liberia,2015-05-09, Confirmed,3151,,Not available
942,Liberia,2015-05-09, Confirmed,3151,,Not available
943,Liberia,2015-05-09, Probable,1879,,Not available
944,Liberia,2015-05-09, Suspected,5636,,Not available
945,Liberia,2015-05-09, Total,10 666,,4806
946,Liberia,2015-05-09, Confirmed,3151,-,Data not available.
947,Liberia,2015-05-09, Confirmed,3151,,Not available
948,Liberia,2015-05-09, Probable,1879,,Not available
949,Liberia,2015-05-09, Suspected,5636,,Not available
950,Liberia,2015-05-09, Total,10 666,,4806
951,Liberia,2015-05-09, Confirmed,3151,,Not available
952,Liberia,2015-05-09, Probable,1879,,Not available
953,Liberia,2015-05-09, Suspected,5636,,Not available
954,Liberia,2015-05-09, Total,10 666,,4806
955,Liberia,2015-05-09, Total,10 666,,4806
956,Liberia,2015-05-09, Confirmed,3151,,Not available
957,Liberia,2015-05-09, Probable,1879,,Not available
958,Liberia,2015-05-09, Probable,1879,-,Data not available.
959,Liberia,2015-05-09, Suspected,5636,,Not available
960,Liberia,2015-05-09, Confirmed,3151,,Not available
961,Liberia,2015-05-09, Probable,1879,,Not available
962,Liberia,2015-05-09, Suspected,5636,,Not available
963,Liberia,2015-05-09, Total,10 666,,4806
964,Liberia,2015-05-09, Suspected,5636,,Not available
965,Liberia,2015-05-09, Probable,1879,,Not available
966,Liberia,2015-05-09, Confirmed,3151,,Not available
967,Liberia,2015-05-09, Total,10 666,-,4806
968,Liberia,2015-05-09, Confirmed,3151,,Not available
969,Liberia,2015-05-09, Probable,1879,,Not available
970,Liberia,2015-05-09, Suspected,5636,,Not available
971,Liberia,2015-05-09, Total,10 666,,4806
972,Liberia,2015-05-09, Total,10 666,,4806
973,Liberia,2015-05-09, Suspected,5636,-,Data not available.
974,Liberia,2015-05-09, Total,10 666,,4806
975,Liberia,2015-05-09, Suspected,5636,,Not available
976,Liberia,2015-05-09, Confirmed,3151,,Not available
977,Liberia,2015-05-09, Probable,1879,,Not available
978,Liberia,2015-05-09, Suspected,5636,,Not available
979,Liberia,2015-05-09, Total,10 666,,4806
980,Liberia,2015-05-09, Confirmed,3151,,Not available
981,Liberia,2015-05-09, Probable,1879,,Not available
982,Liberia,2015-05-09, Suspected,5636,,Not available
983,Liberia,2015-05-09, Total,10 666,,4806
984,Liberia,2015-05-09, Confirmed,3151,0,Data not available.
985,Liberia,2015-05-09, Probable,1879,Not reported.,Data not available.
986,Liberia,2015-05-09, Suspected,5636,Not reported.,Data not available.
987,Liberia,2015-05-09, Total,10 666,0,4806
988,Liberia,2015-05-09, Total,10 666,-,4806
989,Liberia,2015-05-09, Confirmed,3151,,Not available
990,Liberia,2015-05-09, Probable,1879,,Not available
991,Liberia,2015-05-09, Suspected,5636,,Not available
992,Liberia,2015-05-09, Total,10 666,,4806
993,Liberia,2015-05-09, Confirmed,3151,0,Data not available.
994,Liberia,2015-05-09, Probable,1879,Not reported.,Data not available.
995,Liberia,2015-05-09, Suspected,5636,Not reported.,Data not available.
996,Liberia,2015-05-09, Total,10 666,0,4806
997,Liberia,2015-05-09, Confirmed,3151,,Not available
998,Liberia,2015-05-09, Probable,1879,,Not available
999,Liberia,2015-05-09, Suspected,5636,,Not available
1000,Liberia,2015-05-09, Total,10 666,,4806
1001,Liberia,2015-05-09, Confirmed,3151,,Not available
1002,Liberia,2015-05-09, Probable,1879,,Not available
1003,Liberia,2015-05-09, Probable,1879,-,Data not available.
1004,Liberia,2015-05-09, Suspected,5636,-,Data not available.
1005,Liberia,2015-05-09, Probable,1879,,Not available
1006,Liberia,2015-05-09, Total,10 666,,4806
1007,Liberia,2015-05-09, Suspected,5636,,Not available
1008,Liberia,2015-05-09, Suspected,5636,-,Data not available.
1009,Liberia,2015-05-09, Total,10 666,-,4806
1010,Liberia,2015-05-09, Confirmed,3151,,Not available
1011,Liberia,2015-05-09, Probable,1879,,Not available
1012,Liberia,2015-05-09, Suspected,5636,,Not available
1013,Liberia,2015-05-09, Total,10 666,-,4806
1014,Liberia,2015-05-09, Suspected,5636,-,Data not available.
1015,Liberia,2015-05-09, Probable,1879,,Not available
1016,Liberia,2015-05-09, Probable,1879,-,Data not available.
1017,Liberia,2015-05-09, Total,10 666,,4806
1018,Liberia,2015-05-09, Confirmed,3151,-,Data not available.
1019,Liberia,2015-05-09, Probable,1879,-,Data not available.
1020,Liberia,2015-05-09, Suspected,5636,-,Data not available.
1021,Liberia,2015-05-09, Total,10 666,-,4806
1022,Liberia,2015-05-09, Confirmed,3151,,Not available
1023,Liberia,2015-05-09, Probable,1879,,Not available
1024,Liberia,2015-05-09, Suspected,5636,,Not available
1025,Liberia,2015-05-09, Confirmed,3151,-,Data not available.
1026,Liberia,2015-05-09, Total,10 666,,4806
1027,Liberia,2015-05-09, Confirmed,3151,,Not available
1028,Liberia,2015-05-09, Probable,1879,-,Data not available.
1029,Liberia,2015-05-09, Suspected,5636,-,Data not available.
1030,Liberia,2015-05-09, Total,10 666,-,4806
1031,Liberia,2015-05-09, Confirmed,3151,-,Data not available.
1032,Liberia,2015-05-09, Suspected,5636,,Not available
1033,Liberia,2015-05-09, Suspected,5636,-,Data not available.
1034,Liberia,2015-05-09, Total,10 666,-,4806
1035,Liberia,2015-05-09, Suspected,5636,-,Data not available.
1036,Liberia,2015-05-09, Total,10 666,,4806
1037,Liberia,2015-05-09, Total,10 666,-,4806
1038,Liberia,2015-05-09, Suspected,5636,,Not available
1039,Liberia,2015-05-09, Confirmed,3151,,Not available
1040,Liberia,2015-05-09, Total,10 666,,4806
1041,Liberia,2015-05-09, Suspected,5636,,Not available
1042,Liberia,2015-05-09, Probable,1879,,Not available
1043,Liberia,2015-05-09, Confirmed,3151,,Not available
1044,Liberia,2015-05-09, Probable,1879,-,Data not available.
1045,Liberia,2015-05-09, Confirmed,3151,-,Data not available.
1046,Liberia,2015-05-09, Confirmed,3151,-,Data not available.
1047,Liberia,2015-05-09, Probable,1879,,Not available
1048,Liberia,2015-05-09, Confirmed,3151,,Not available
1049,Liberia,2015-05-09, Probable,1879,,Not available
1050,Liberia,2015-05-09, Suspected,5636,,Not available
1051,Liberia,2015-05-09, Probable,1879,-,Data not available.
1052,Liberia,2015-05-09, Suspected,5636,-,Data not available.
1053,Liberia,2015-05-09, Total,10 666,-,4806
1054,Liberia,2015-05-09, Total,10 666,,4806
1055,Liberia,2015-05-09, Suspected,5636,,Not available
1056,Liberia,2015-05-09, Probable,1879,,Not available
1057,Liberia,2015-05-09, Confirmed,3151,,Not available
1058,Liberia,2015-05-09, Confirmed,3151,,Not available
1059,Liberia,2015-05-09, Suspected,5636,-,Data not available.
1060,Liberia,2015-05-09, Probable,1879,,Not available
1061,Liberia,2015-05-09, Total,10 666,,4806
1062,Liberia,2015-05-09, Total,10 666,-,4806
1063,Liberia,2015-05-09, Confirmed,3151,,Not available
1064,Liberia,2015-05-09, Probable,1879,,Not available
1065,Liberia,2015-05-09, Suspected,5636,,Not available
1066,Liberia,2015-05-09, Confirmed,3151,,Not available
1067,Liberia,2015-05-09, Total,10 666,-,4806
1068,Liberia,2015-05-09, Total,10 666,,4806
1069,Liberia,2015-05-09, Suspected,5636,,Not available
1070,Liberia,2015-05-09, Confirmed,3151,-,Data not available.
1071,Liberia,2015-05-09, Probable,1879,-,Data not available.
1072,Liberia,2015-05-09, Confirmed,3151,-,Data not available.
1073,Liberia,2015-05-09, Total,10 666,,4806
1074,Liberia,2015-05-09, Total,10 666,,4806
1075,Liberia,2015-05-09, Confirmed,3151,,Not available
1076,Liberia,2015-05-09, Probable,1879,,Not available
1077,Liberia,2015-05-09, Suspected,5636,,Not available
1078,Liberia,2015-05-09, Total,10 666,,4806
1079,Liberia,2015-05-09, Confirmed,3151,0,Data not available.
1080,Liberia,2015-05-09, Probable,1879,Not reported.,Data not available.
1081,Liberia,2015-05-09, Suspected,5636,Not reported.,Data not available.
1082,Liberia,2015-05-09, Total,10 666,0,4806
1083,Liberia,2015-05-09, Total,10 666,,4806
1084,Liberia,2015-05-09, Confirmed,3151,,Not available
1085,Liberia,2015-05-09, Probable,1879,,Not available
1086,Liberia,2015-05-09, Suspected,5636,,Not available
1087,Liberia,2015-05-09, Total,10 666,,4806
1088,Liberia,2015-05-09, Suspected,5636,,Not available
1089,Liberia,2015-05-09, Probable,1879,,Not available
1090,Liberia,2015-05-09, Confirmed,3151,,Not available
1091,Liberia,2015-05-09, Total,10 666,,4806
1092,Liberia,2015-05-09, Probable,1879,-,Data not available.
1093,Liberia,2015-05-09, Confirmed,3151,-,Data not available.
1094,Liberia,2015-05-09, Probable,1879,-,Data not available.
1095,Liberia,2015-05-09, Suspected,5636,,Not available
1096,Liberia,2015-05-09, Suspected,5636,,Not available
1097,Liberia,2015-05-09, Probable,1879,,Not available
1098,Liberia,2015-05-09, Suspected,5636,,Not available
1099,Liberia,2015-05-09, Total,10 666,,4806
1100,Liberia,2015-05-09, Suspected,5636,,Not available
1101,Liberia,2015-05-09, Probable,1879,,Not available
1102,Liberia,2015-05-09, Confirmed,3151,,Not available
1103,Liberia,2015-05-09, Confirmed,3151,,Not available
1104,Liberia,2015-05-09, Total,10 666,,4806
1105,Liberia,2015-05-09, Confirmed,3151,,Not available
1106,Liberia,2015-05-09, Suspected,5636,,Not available
1107,Liberia,2015-05-09, Total,10 666,,4806
1108,Liberia,2015-05-09, Total,10 666,,4806
1109,Liberia,2015-05-09, Confirmed,3151,,Not available
1110,Liberia,2015-05-09, Probable,1879,,Not available
1111,Liberia,2015-05-09, Suspected,5636,,Not available
1112,Liberia,2015-05-09, Total,10 666,,4806
1113,Liberia,2015-05-09, Total,10 666,,4806
1114,Liberia,2015-05-09, Probable,1879,,Not available
1115,Liberia,2015-05-09, Probable,1879,,Not available
1116,Liberia,2015-05-09, Confirmed,3151,,Not available
1117,Liberia,2015-05-09, Total,10 666,,4806
1118,Liberia,2015-05-09, Confirmed,3151,,Not available
1119,Liberia,2015-05-09, Probable,1879,,Not available
1120,Liberia,2015-05-09, Suspected,5636,,Not available
1121,Liberia,2015-05-09, Confirmed,3151,-,Data not available.
1122,Liberia,2015-05-09, Probable,1879,-,Data not available.
1123,Liberia,2015-05-09, Suspected,5636,-,Data not available.
1124,Liberia,2015-05-09, Total,10 666,-,4806
1125,Liberia,2015-05-09, Confirmed,3151,0,Data not available.
1126,Liberia,2015-05-09, Probable,1879,Not reported.,Data not available.
1127,Liberia,2015-05-09, Suspected,5636,Not reported.,Data not available.
1128,Liberia,2015-05-09, Total,10 666,0,4806
1129,Liberia,2015-05-09, Total,10 666,,4806
1130,Liberia,2015-05-09, Suspected,5636,,Not available
1131,Liberia,2015-05-09, Probable,1879,,Not available
1132,Liberia,2015-05-09, Confirmed,3151,,Not available
1133,Liberia,2015-05-09, Confirmed,3151,-,Data not available.
1134,Liberia,2015-05-09, Probable,1879,-,Data not available.
1135,Liberia,2015-05-09, Suspected,5636,-,Data not available.
1136,Liberia,2015-05-09, Total,10 666,-,4806
1137,Liberia,2015-05-09, Suspected,5636,,Not available
1138,Liberia,2015-05-09, Probable,1879,,Not available
1139,Liberia,2015-05-09, Probable,1879,,Not available
1140,Liberia,2015-05-09, Total,10 666,,4806
1141,Liberia,2015-05-09, Suspected,5636,-,Data not available.
1142,Liberia,2015-05-09, Probable,1879,,Not available
1143,Liberia,2015-05-09, Confirmed,3151,,Not available
1144,Liberia,2015-05-09, Probable,1879,,Not available
1145,Liberia,2015-05-09, Confirmed,3151,,Not available
1146,Liberia,2015-05-09, Confirmed,3151,,Not available
1147,Liberia,2015-05-09, Total,10 666,,4806
1148,Liberia,2015-05-09, Suspected,5636,,Not available
1149,Liberia,2015-05-09, Suspected,5636,,Not available
1150,Liberia,2015-05-09, Probable,1879,,Not available
1151,Liberia,2015-05-09, Confirmed,3151,,Not available
1152,Liberia,2015-05-09, Total,10 666,,4806
1153,Liberia,2015-05-09, Confirmed,3151,-,Data not available.
1154,Liberia,2015-05-09, Probable,1879,-,Data not available.
1155,Liberia,2015-05-09, Total,10 666,,4806
1156,Liberia,2015-05-09, Confirmed,3151,,Not available
1157,Liberia,2015-05-09, Suspected,5636,,Not available
1158,Liberia,2015-05-09, Total,10 666,,4806
1159,Liberia,2015-05-09, Probable,1879,,Not available
1160,Liberia,2015-05-09, Suspected,5636,,Not available
1161,Liberia,2015-05-09, Suspected,5636,,Not available
1162,Liberia,2015-05-09, Probable,1879,,Not available
1163,Liberia,2015-05-09, Probable,1879,,Not available
1164,Liberia,2015-05-09, Confirmed,3151,,Not available
1165,Liberia,2015-05-09, Confirmed,3151,,Not available
1166,Liberia,2015-05-09, Total,10 666,-,4806
1167,Liberia,2015-05-09, Total,10 666,,4806
1168,Liberia,2015-05-09, Confirmed,3151,,Not available
1169,Liberia,2015-05-09, Confirmed,3151,,Not available
1170,Liberia,2015-05-09, Total,10 666,,4806
1171,Liberia,2015-05-09, Suspected,5636,,Not available
1172,Liberia,2015-05-09, Probable,1879,,Not available
1173,Liberia,2015-05-09, Suspected,5636,,Not available
1174,Liberia,2015-05-09, Suspected,5636,,Not available
1175,Liberia,2015-05-09, Total,10 666,,4806
1176,Liberia,2015-07-01, Total,40,,5
1177,Liberia,2015-07-01, Confirmed,3,,1
1178,Liberia,2015-07-01, Probable,0,,0
1179,Liberia,2015-07-01, Suspected,37,,4
1180,Liberia,2015-07-03, Suspected,Not available,,Not available
1181,Liberia,2015-07-03, Probable,1,,Not available
1182,Liberia,2015-07-03, Total,4,,1
1183,Liberia,2015-07-03, Confirmed,3,,1
1184,Liberia,2015-07-05, Probable,1,,Not available
1185,Liberia,2015-07-05, Suspected,Not available,,Not available
1186,Liberia,2015-07-05, Confirmed,3,,1
1187,Liberia,2015-07-05, Probable,1,1,Data not available.
1188,Liberia,2015-07-05, Suspected,Data not available.,Not reported.,Data not available.
1189,Liberia,2015-07-05, Total,4,4,1
1190,Liberia,2015-07-05, Total,4,,1
1191,Liberia,2015-07-05, Confirmed,3,3,1
1192,Liberia,2015-07-07, Confirmed,5,,1
1193,Liberia,2015-07-07, Probable,1,,Not available
1194,Liberia,2015-07-07, Suspected,Not available,,Not available
1195,Liberia,2015-07-07, Total,6,,1
1196,Liberia,2015-07-07, Confirmed,5,,1
1197,Liberia,2015-07-07, Suspected,Not available,,Not available
1198,Liberia,2015-07-07, Total,6,,1
1199,Liberia,2015-07-07, Probable,1,,Not available
1200,Liberia,2015-07-09, Total,6,,1
1201,Liberia,2015-07-09, Suspected,Not available,,Not available
1202,Liberia,2015-07-09, Probable,1,,Not available
1203,Liberia,2015-07-09, Confirmed,5,,1
1204,Liberia,2015-07-12, Probable,1,,Not available
1205,Liberia,2015-07-12, Suspected,Not available,,Not available
1206,Liberia,2015-07-12, Total,7,,2
1207,Liberia,2015-07-12, Confirmed,6,6,2
1208,Liberia,2015-07-12, Probable,1,1,Data not available.
1209,Liberia,2015-07-12, Suspected,Data not available.,Not reported.,Data not available.
1210,Liberia,2015-07-12, Total,7,7,2
1211,Liberia,2015-07-12, Confirmed,6,,2
1212,Liberia,2015-07-13, Suspected,Not available,,Not available
1213,Liberia,2015-07-13, Confirmed,6,,2
1214,Liberia,2015-07-13, Probable,0,,Not available
1215,Liberia,2015-07-13, Total,6,,2
1216,Liberia,2015-07-15, Probable,1,,Not available
1217,Liberia,2015-07-15, Suspected,Data not available.,Not reported.,Data not available.
1218,Liberia,2015-07-15, Confirmed,6,,2
1219,Liberia,2015-07-15, Probable,1,,Not available
1220,Liberia,2015-07-15, Confirmed,6,,2
1221,Liberia,2015-07-15, Probable,1,,Not available
1222,Liberia,2015-07-15, Suspected,Not available,,Not available
1223,Liberia,2015-07-15, Confirmed,6,,2
1224,Liberia,2015-07-15, Total,7,,2
1225,Liberia,2015-07-15, Total,7,,2
1226,Liberia,2015-07-15, Suspected,Not available,,Not available
1227,Liberia,2015-07-15, Total,7,,2
1228,Liberia,2015-07-15, Suspected,Not available,,Not available
1229,Liberia,2015-07-15, Probable,1,,Not available
1230,Liberia,2015-07-15, Confirmed,6,,2
1231,Liberia,2015-07-15, Total,7,,2
1232,Liberia,2015-07-15, Suspected,Not available,,Not available
1233,Liberia,2015-07-15, Probable,1,,Not available
1234,Liberia,2015-07-15, Total,7,,2
1235,Liberia,2015-07-15, Suspected,Not available,,Not available
1236,Liberia,2015-07-15, Total,7,,2
1237,Liberia,2015-07-15, Total,6,6,2
1238,Liberia,2015-07-15, Confirmed,6,,2
1239,Liberia,2015-07-15, Total,7,,2
1240,Liberia,2015-07-15, Suspected,Not available,,Not available
1241,Liberia,2015-07-15, Probable,1,,Not available
1242,Liberia,2015-07-15, Confirmed,6,,2
1243,Liberia,2015-07-15, Probable,0,Not reported.,Data not available.
1244,Liberia,2015-07-15, Confirmed,6,6,2
1245,Liberia,2015-07-15, Probable,1,,Not available
1246,Liberia,2015-07-15, Confirmed,6,,2
1247,Liberia,2015-07-15, Suspected,Not available,,Not available
1248,Liberia,2015-07-22, Total,6,,2
1249,Liberia,2015-07-22, Confirmed,6,3,2
1250,Liberia,2015-07-22, Probable,0,Not reported.,Data not available.
1251,Liberia,2015-07-22, Total,6,3,2
1252,Liberia,2015-07-22, Confirmed,6,,2
1253,Liberia,2015-07-22, Total,6,,2
1254,Liberia,2015-07-22, Suspected,Not available,,Not available
1255,Liberia,2015-07-22, Suspected,Not available,,Not available
1256,Liberia,2015-07-22, Suspected,Data not available.,Not reported.,Data not available.
1257,Liberia,2015-07-22, Confirmed,6,,2
1258,Liberia,2015-07-22, Probable,0,,Not available
1259,Liberia,2015-07-22, Suspected,Not available,,Not available
1260,Liberia,2015-07-22, Probable,0,,Not available
1261,Liberia,2015-07-22, Total,6,,2
1262,Liberia,2015-07-22, Suspected,Not available,,Not available
1263,Liberia,2015-07-22, Probable,0,,Not available
1264,Liberia,2015-07-22, Total,6,,2
1265,Liberia,2015-07-22, Confirmed,6,,2
1266,Liberia,2015-07-22, Probable,0,,Not available
1267,Liberia,2015-07-22, Confirmed,6,,2
1268,Liberia,2015-08-02, Probable,0,Not reported.,Data not available.
1269,Liberia,2015-08-02, Total,6,0,2
1270,Liberia,2015-08-02, Suspected,Data not available.,Not reported.,Data not available.
1271,Liberia,2015-08-02, Confirmed,6,0,2
1272,Liberia,2015-08-03, Probable,0,,Not available
1273,Liberia,2015-08-03, Confirmed,6,,2
1274,Liberia,2015-08-03, Total,6,,2
1275,Liberia,2015-08-03, Suspected,Not available,,Not available
1276,Liberia,2015-08-03, Probable,0,,Not available
1277,Liberia,2015-08-03, Confirmed,6,,2
1278,Liberia,2015-08-03, Suspected,Not available,,Not available
1279,Liberia,2015-08-03, Total,6,,2
1280,Liberia,2015-08-06, Suspected,Not available,,Not available
1281,Liberia,2015-08-06, Confirmed,6,0,2
1282,Liberia,2015-08-06, Probable,0,Not reported.,Data not available.
1283,Liberia,2015-08-06, Total,6,,2
1284,Liberia,2015-08-06, Confirmed,6,,2
1285,Liberia,2015-08-06, Suspected,Data not available.,Not reported.,Data not available.
1286,Liberia,2015-08-06, Confirmed,6,,2
1287,Liberia,2015-08-06, Probable,0,,Not available
1288,Liberia,2015-08-06, Probable,0,,Not available
1289,Liberia,2015-08-06, Confirmed,6,,2
1290,Liberia,2015-08-06, Probable,0,,Not available
1291,Liberia,2015-08-06, Total,6,0,2
1292,Liberia,2015-08-06, Total,6,,2
1293,Liberia,2015-08-06, Total,6,,2
1294,Liberia,2015-08-06, Suspected,Not available,,Not available
1295,Liberia,2015-08-06, Probable,0,,Not available
1296,Liberia,2015-08-06, Total,6,,2
1297,Liberia,2015-08-06, Suspected,Not available,,Not available
1298,Liberia,2015-08-06, Suspected,Not available,,Not available
1299,Liberia,2015-08-06, Confirmed,6,,2
1300,Liberia,2015-08-13, Total,6,,2
1301,Liberia,2015-08-13, Suspected,Not available,,Not available
1302,Liberia,2015-08-13, Confirmed,6,,2
1303,Liberia,2015-08-13, Total,6,,2
1304,Liberia,2015-08-13, Suspected,Not available,,Not available
1305,Liberia,2015-08-13, Probable,0,,Not available
1306,Liberia,2015-08-13, Total,6,,2
1307,Liberia,2015-08-13, Suspected,Not available,,Not available
1308,Liberia,2015-08-13, Probable,0,,Not available
1309,Liberia,2015-08-13, Confirmed,6,,2
1310,Liberia,2015-08-13, Confirmed,6,,2
1311,Liberia,2015-08-13, Confirmed,6,,2
1312,Liberia,2015-08-13, Probable,0,,Not available
1313,Liberia,2015-08-13, Suspected,Not available,,Not available
1314,Liberia,2015-08-13, Total,6,,2
1315,Liberia,2015-08-13, Confirmed,6,0,2
1316,Liberia,2015-08-13, Probable,0,Not reported.,Data not available.
1317,Liberia,2015-08-13, Suspected,Data not available.,Not reported.,Data not available.
1318,Liberia,2015-08-13, Probable,0,,Not available
1319,Liberia,2015-08-13, Total,6,0,2
1320,Liberia,2015-08-20, Suspected,Data not available.,Not reported.,Data not available.
1321,Liberia,2015-08-20, Probable,Not reported.,Not reported.,Data not available.
1322,Liberia,2015-08-20, Confirmed,6,0,2
1323,Liberia,2015-08-20, Confirmed,6,,2
1324,Liberia,2015-08-20, Total,6,0,2
1325,Liberia,2015-08-20, Suspected,Not available,,Not available
1326,Liberia,2015-08-20, Total,6,,2
1327,Liberia,2015-08-20, Confirmed,6,,2
1328,Liberia,2015-08-20, Probable,0,,Not available
1329,Liberia,2015-08-20, Confirmed,6,,2
1330,Liberia,2015-08-20, Probable,0,,Not available
1331,Liberia,2015-08-20, Total,6,,2
1332,Liberia,2015-08-20, Suspected,Not available,,Not available
1333,Liberia,2015-08-20, Total,6,0,2
1334,Liberia,2015-08-20, Probable,0,,Not available
1335,Liberia,2015-08-20, Confirmed,6,0,2
1336,Liberia,2015-08-20, Probable,0,Not reported.,Data not available.
1337,Liberia,2015-08-20, Suspected,Not available,,Not available
1338,Liberia,2015-08-20, Total,6,,2
1339,Liberia,2015-08-20, Confirmed,6,,2
1340,Liberia,2015-08-20, Suspected,Not available,,Not available
1341,Liberia,2015-08-20, Suspected,Data not available.,Not reported.,Data not available.
1342,Liberia,2015-08-20, Suspected,Not available,,Not available
1343,Liberia,2015-08-20, Probable,0,,Not available
1344,Liberia,2015-08-20, Total,6,,2
1345,Liberia,2015-08-20, Suspected,Not available,,Not available
1346,Liberia,2015-08-20, Total,6,,2
1347,Liberia,2015-08-20, Total,6,,2
1348,Liberia,2015-08-20, Suspected,Not available,,Not available
1349,Liberia,2015-08-20, Total,6,,2
1350,Liberia,2015-08-20, Probable,0,,Not available
1351,Liberia,2015-08-20, Probable,0,,Not available
1352,Liberia,2015-08-20, Confirmed,6,,2
1353,Liberia,2015-08-20, Probable,0,,Not available
1354,Liberia,2015-08-20, Confirmed,6,,2
1355,Liberia,2015-08-20, Suspected,Not available,,Not available
1356,Liberia,2015-08-20, Suspected,Not available,,Not available
1357,Liberia,2015-08-20, Probable,0,,Not available
1358,Liberia,2015-08-20, Confirmed,6,,2
1359,Liberia,2015-08-20, Total,6,,2
1360,Liberia,2015-08-20, Confirmed,6,,2
1361,Liberia,2015-08-20, Probable,0,,Not available
1362,Liberia,2015-08-20, Confirmed,6,,2
1363,Liberia,2015-08-20, Total,6,,2
1364,Liberia,2015-08-30, Confirmed,6,,2
1365,Liberia,2015-08-30, Suspected,Not available,,Not available
1366,Liberia,2015-08-30, Total,6,,2
1367,Liberia,2015-08-30, Probable,0,,Not available
1368,Liberia,2015-09-06, Total,6,0,2
1369,Liberia,2015-09-06, Suspected,Data not available.,Not reported.,Data not available.
1370,Liberia,2015-09-06, Probable,Not reported.,Not reported.,Data not available.
1371,Liberia,2015-09-06, Confirmed,6,0,2
1372,Liberia,2015-09-07, Probable,0,,Not available
1373,Liberia,2015-09-07, Suspected,Not available,,Not available
1374,Liberia,2015-09-07, Total,6,,2
1375,Liberia,2015-09-07, Confirmed,6,,2
1376,Liberia,2015-09-07, Suspected,Not available,,Not available
1377,Liberia,2015-09-07, Total,6,,2
1378,Liberia,2015-09-07, Probable,0,,Not available
1379,Liberia,2015-09-07, Confirmed,6,,2
1380,Liberia,2015-09-07, Total,6,0,2
1381,Liberia,2015-09-07, Confirmed,6,,2
1382,Liberia,2015-09-07, Probable,0,,Not available
1383,Liberia,2015-09-07, Confirmed,6,,2
1384,Liberia,2015-09-07, Probable,0,,Not available
1385,Liberia,2015-09-07, Total,6,,2
1386,Liberia,2015-09-07, Suspected,Not available,,Not available
1387,Liberia,2015-09-07, Total,6,,2
1388,Liberia,2015-09-07, Confirmed,6,,2
1389,Liberia,2015-09-07, Suspected,Not available,,Not available
1390,Liberia,2015-09-07, Total,6,0,2
1391,Liberia,2015-09-07, Suspected,Data not available.,Not reported.,Data not available.
1392,Liberia,2015-09-07, Probable,0,,Not available
1393,Liberia,2015-09-07, Probable,Not reported.,Not reported.,Data not available.
1394,Liberia,2015-09-07, Confirmed,6,0,2
1395,Liberia,2015-09-07, Total,6,,2
1396,Liberia,2015-09-07, Suspected,Not available,,Not available
1397,Liberia,2015-09-07, Probable,0,,Not available
1398,Liberia,2015-09-07, Confirmed,6,,2
1399,Liberia,2015-09-07, Suspected,Not available,,Not available
1400,Liberia,2015-09-07, Confirmed,6,,2
1401,Liberia,2015-09-07, Probable,0,,Not available
1402,Liberia,2015-09-07, Total,6,,2
1403,Liberia,2015-09-07, Probable,Not reported.,Not reported.,Data not available.
1404,Liberia,2015-09-07, Confirmed,6,0,2
1405,Liberia,2015-09-07, Total,6,,2
1406,Liberia,2015-09-07, Suspected,Not available,,Not available
1407,Liberia,2015-09-07, Confirmed,6,,2
1408,Liberia,2015-09-07, Suspected,Data not available.,Not reported.,Data not available.
1409,Liberia,2015-09-07, Suspected,Not available,,Not available
1410,Liberia,2015-09-07, Total,6,,2
1411,Liberia,2015-09-07, Probable,0,,Not available
1412,Liberia,2015-09-17, Confirmed,6,,2
1413,Liberia,2015-09-17, Probable,0,,Not available
1414,Liberia,2015-09-17, Probable,0,,Not available
1415,Liberia,2015-09-17, Suspected,Not available,,Not available
1416,Liberia,2015-09-17, Total,6,,2
1417,Liberia,2015-09-17, Suspected,Not available,,Not available
1418,Liberia,2015-09-17, Confirmed,6,,2
1419,Liberia,2015-09-17, Total,6,,2
1420,Liberia,2015-09-17, Probable,0,,Not available
1421,Liberia,2015-09-17, Total,6,,2
1422,Liberia,2015-09-17, Suspected,Not available,,Not available
1423,Liberia,2015-09-17, Confirmed,6,,2
1424,Liberia,2015-09-17, Confirmed,6,,2
1425,Liberia,2015-09-17, Probable,0,,Not available
1426,Liberia,2015-09-17, Total,6,,2
1427,Liberia,2015-09-17, Suspected,Not available,,Not available
1428,Liberia,2015-09-20, Confirmed,6,,2
1429,Liberia,2015-09-20, Probable,Not reported.,Not reported.,Data not available.
1430,Liberia,2015-09-20, Total,6,,2
1431,Liberia,2015-09-20, Suspected,Not available,,Not available
1432,Liberia,2015-09-20, Suspected,Not available,,Not available
1433,Liberia,2015-09-20, Total,6,,2
1434,Liberia,2015-09-20, Confirmed,6,,2
1435,Liberia,2015-09-20, Probable,Not available,,Not available
1436,Liberia,2015-09-20, Suspected,Not available,,Not available
1437,Liberia,2015-09-20, Total,6,,2
1438,Liberia,2015-09-20, Confirmed,6,0,2
1439,Liberia,2015-09-20, Probable,Not available,,Not available
1440,Liberia,2015-09-20, Total,6,,2
1441,Liberia,2015-09-20, Total,6,,2
1442,Liberia,2015-09-20, Suspected,Not available,,Not available
1443,Liberia,2015-09-20, Probable,0,,Not available
1444,Liberia,2015-09-20, Confirmed,6,,2
1445,Liberia,2015-09-20, Total,6,,2
1446,Liberia,2015-09-20, Suspected,Not available,,Not available
1447,Liberia,2015-09-20, Probable,Not available,,Not available
1448,Liberia,2015-09-20, Confirmed,6,,2
1449,Liberia,2015-09-20, Total,6,,2
1450,Liberia,2015-09-20, Confirmed,6,,2
1451,Liberia,2015-09-20, Probable,0,,Not available
1452,Liberia,2015-09-20, Suspected,Not available,,Not available
1453,Liberia,2015-09-20, Suspected,Not available,,Not available
1454,Liberia,2015-09-20, Suspected,Data not available.,Not reported.,Data not available.
1455,Liberia,2015-09-20, Probable,Not available,,Not available
1456,Liberia,2015-09-20, Total,6,,2
1457,Liberia,2015-09-20, Suspected,Not available,,Not available
1458,Liberia,2015-09-20, Probable,0,,Not available
1459,Liberia,2015-09-20, Confirmed,6,,2
1460,Liberia,2015-09-20, Probable,0,,Not available
1461,Liberia,2015-09-20, Suspected,Not available,,Not available
1462,Liberia,2015-09-20, Probable,Not available,,Not available
1463,Liberia,2015-09-20, Confirmed,6,,2
1464,Liberia,2015-09-20, Total,6,0,2
1465,Liberia,2015-09-20, Confirmed,6,,2
1466,Liberia,2015-09-20, Probable,0,,Not available
1467,Liberia,2015-09-20, Suspected,Not available,,Not available
1468,Liberia,2015-09-20, Confirmed,6,,2
1469,Liberia,2015-09-20, Total,6,,2
1470,Liberia,2015-09-20, Confirmed,6,,2
1471,Liberia,2015-09-20, Suspected,Not available,,Not available
1472,Liberia,2015-09-20, Confirmed,6,0,2
1473,Liberia,2015-09-20, Probable,Not reported.,Not reported.,Data not available.
1474,Liberia,2015-09-20, Suspected,Data not available.,Not reported.,Data not available.
1475,Liberia,2015-09-20, Total,6,,2
1476,Liberia,2015-09-20, Total,6,,2
1477,Liberia,2015-09-20, Suspected,Not available,,Not available
1478,Liberia,2015-09-20, Probable,0,,Not available
1479,Liberia,2015-09-20, Confirmed,6,,2
1480,Liberia,2015-09-20, Total,6,0,2
1481,Liberia,2015-09-20, Suspected,Data not available.,Not reported.,Data not available.
1482,Liberia,2015-09-20, Probable,Not reported.,Not reported.,Data not available.
1483,Liberia,2015-09-20, Confirmed,6,0,2
1484,Liberia,2015-09-20, Confirmed,6,0,2
1485,Liberia,2015-09-20, Probable,Not available,,Not available
1486,Liberia,2015-09-20, Confirmed,6,,2
1487,Liberia,2015-09-20, Total,6,0,2
1488,Liberia,2015-09-20, Total,6,0,2
1489,Liberia,2015-09-20, Suspected,Data not available.,Not reported.,Data not available.
1490,Liberia,2015-09-20, Probable,Not reported.,Not reported.,Data not available.
1491,Liberia,2015-09-20, Confirmed,6,0,2
1492,Liberia,2015-09-20, Confirmed,6,,2
1493,Liberia,2015-09-20, Probable,Not available,,Not available
1494,Liberia,2015-09-20, Suspected,Not available,,Not available
1495,Liberia,2015-09-20, Total,6,,2
1496,Liberia,2015-09-20, Suspected,Not available,,Not available
1497,Liberia,2015-09-20, Probable,Not reported.,Not reported.,Data not available.
1498,Liberia,2015-09-20, Suspected,Data not available.,Not reported.,Data not available.
1499,Liberia,2015-09-20, Total,6,0,2
1500,Liberia,2015-09-20, Probable,0,,Not available
1501,Liberia,2015-09-20, Confirmed,6,,2
1502,Liberia,2015-09-20, Confirmed,6,0,2
1503,Liberia,2015-09-20, Probable,Not reported.,Not reported.,Data not available.
1504,Liberia,2015-09-20, Suspected,Data not available.,Not reported.,Data not available.
1505,Liberia,2015-09-20, Total,6,0,2
1506,Liberia,2015-09-20, Total,6,0,2
1507,Liberia,2015-09-20, Suspected,Data not available.,Not reported.,Data not available.
1508,Liberia,2015-09-20, Probable,Not reported.,Not reported.,Data not available.
1509,Liberia,2015-09-20, Confirmed,6,0,2
1510,Liberia,2015-09-20, Confirmed,6,0,2
1511,Liberia,2015-09-20, Probable,Not reported.,Not reported.,Data not available.
1512,Liberia,2015-09-20, Suspected,Data not available.,Not reported.,Data not available.
1513,Liberia,2015-09-20, Total,6,0,2
1514,Liberia,2015-09-20, Suspected,Not available,,Not available
1515,Liberia,2015-09-20, Probable,0,,Not available
1516,Liberia,2015-09-20, Confirmed,6,,2
1517,Liberia,2015-09-20, Total,6,,2
1518,Liberia,2015-09-20, Confirmed,6,,2
1519,Liberia,2015-09-20, Probable,Not available,,Not available
1520,Liberia,2015-09-20, Suspected,Not available,,Not available
1521,Liberia,2015-09-20, Total,6,,2
1522,Liberia,2015-09-20, Suspected,Not available,,Not available
1523,Liberia,2015-09-20, Probable,Not available,,Not available
1524,Liberia,2015-09-20, Confirmed,6,,2
1525,Liberia,2015-09-20, Total,6,,2
1526,Liberia,2015-09-20, Total,6,,2
1527,Liberia,2015-09-20, Total,6,,2
1528,Liberia,2015-09-20, Total,6,,2
1529,Liberia,2015-09-20, Suspected,Not available,,Not available
1530,Liberia,2015-09-20, Total,6,,2
1531,Liberia,2015-09-20, Total,6,,2
1532,Liberia,2015-09-20, Suspected,Not available,,Not available
1533,Liberia,2015-09-20, Probable,0,,Not available
1534,Liberia,2015-09-20, Confirmed,6,,2
1535,Liberia,2015-09-20, Probable,Not available,,Not available
1536,Liberia,2015-09-20, Confirmed,6,,2
1537,Liberia,2015-09-20, Probable,0,,Not available
1538,Liberia,2015-09-20, Suspected,Not available,,Not available
1539,Liberia,2015-09-20, Total,6,,2
1540,Liberia,2015-09-20, Total,6,,2
1541,Liberia,2015-09-20, Confirmed,6,,2
1542,Liberia,2015-09-20, Total,6,,2
1543,Liberia,2015-09-20, Confirmed,6,,2
1544,Liberia,2015-09-20, Suspected,Not available,,Not available
1545,Liberia,2015-09-20, Total,6,,2
1546,Liberia,2015-09-20, Suspected,Not available,,Not available
1547,Liberia,2015-09-20, Probable,Not available,,Not available
1548,Liberia,2015-09-20, Confirmed,6,,2
1549,Liberia,2015-09-20, Confirmed,6,,2
1550,Liberia,2015-09-20, Probable,Not available,,Not available
1551,Liberia,2015-09-20, Total,6,,2
1552,Liberia,2015-09-20, Confirmed,6,,2
1553,Liberia,2015-09-20, Probable,Not available,,Not available
1554,Liberia,2015-09-20, Suspected,Not available,,Not available
1555,Liberia,2015-09-20, Total,6,,2
1556,Liberia,2015-09-20, Confirmed,6,,2
1557,Liberia,2015-09-20, Probable,Not available,,Not available
1558,Liberia,2015-09-20, Probable,0,,Not available
1559,Liberia,2015-09-20, Confirmed,6,,2
1560,Liberia,2015-09-20, Suspected,Not available,,Not available
1561,Liberia,2015-09-20, Total,6,,2
1562,Liberia,2015-09-20, Total,6,,2
1563,Liberia,2015-09-20, Suspected,Not available,,Not available
1564,Liberia,2015-09-20, Probable,Not available,,Not available
1565,Liberia,2015-09-20, Confirmed,6,,2
1566,Liberia,2015-09-20, Suspected,Not available,,Not available
1567,Liberia,2015-09-20, Probable,Not available,,Not available
1568,Liberia,2015-09-20, Confirmed,6,,2
1569,Liberia,2015-09-20, Total,6,,2
1570,Liberia,2015-09-20, Suspected,Not available,,Not available
1571,Liberia,2015-09-20, Suspected,Not available,,Not available
1572,Liberia,2015-09-20, Confirmed,6,,2
1573,Liberia,2015-09-20, Probable,0,,Not available
1574,Liberia,2015-09-20, Total,6,,2
1575,Liberia,2015-09-20, Suspected,Not available,,Not available
1576,Liberia,2015-09-20, Total,6,,2
1577,Liberia,2015-09-20, Suspected,Not available,,Not available
1578,Liberia,2015-09-20, Confirmed,6,,2
1579,Liberia,2015-09-20, Probable,0,,Not available
1580,Liberia,2015-09-20, Suspected,Not available,,Not available
1581,Liberia,2015-09-20, Total,6,,2
1582,Liberia,2015-09-20, Suspected,Not available,,Not available
1583,Liberia,2015-09-20, Probable,Not available,,Not available
1584,Liberia,2015-09-20, Confirmed,6,,2
1585,Liberia,2015-09-20, Probable,0,,Not available
1586,Liberia,2015-09-20, Confirmed,6,,2
1587,Liberia,2015-09-20, Probable,Not available,,Not available
1588,Liberia,2015-11-22, Suspected,Not available,,Not available
1589,Liberia,2015-11-22, Probable,Not available,,Not available
1590,Liberia,2015-11-22, Suspected,Not available,,Not available
1591,Liberia,2015-11-22, Confirmed,9,,2
1592,Liberia,2015-11-22, Confirmed,9,,2
1593,Liberia,2015-11-22, Probable,Not available,,Not available
1594,Liberia,2015-11-22, Total,9,,2
1595,Liberia,2015-11-22, Confirmed,9,,2
1596,Liberia,2015-11-22, Probable,Not available,,Not available
1597,Liberia,2015-11-22, Probable,Not available,,Not available
1598,Liberia,2015-11-22, Total,9,,2
1599,Liberia,2015-11-22, Total,9,3,2
1600,Liberia,2015-11-22, Suspected,Data not available.,Not reported.,Data not available.
1601,Liberia,2015-11-22, Probable,Not reported.,Not reported.,Data not available.
1602,Liberia,2015-11-22, Confirmed,9,3,2
1603,Liberia,2015-11-22, Suspected,Not available,,Not available
1604,Liberia,2015-11-22, Confirmed,9,,2
1605,Liberia,2015-11-22, Total,9,,2
1606,Liberia,2015-11-22, Total,9,,2
1607,Liberia,2015-11-22, Suspected,Not available,,Not available
1608,Liberia,2015-11-29, Confirmed,9,3,3
1609,Liberia,2015-11-29, Probable,Not reported.,Not reported.,Data not available.
1610,Liberia,2015-11-29, Total,9,,3
1611,Liberia,2015-11-29, Total,9,3,3
1612,Liberia,2015-11-29, Total,9,,3
1613,Liberia,2015-11-29, Suspected,Not available,,Not available
1614,Liberia,2015-11-29, Suspected,Not available,,Not available
1615,Liberia,2015-11-29, Probable,Not available,,Not available
1616,Liberia,2015-11-29, Confirmed,9,,3
1617,Liberia,2015-11-29, Probable,Not available,,Not available
1618,Liberia,2015-11-29, Confirmed,9,,3
1619,Liberia,2015-11-29, Total,9,,3
1620,Liberia,2015-11-29, Suspected,Not available,,Not available
1621,Liberia,2015-11-29, Suspected,Data not available.,Not reported.,Data not available.
1622,Liberia,2015-11-29, Confirmed,9,,3
1623,Liberia,2015-11-29, Total,9,,3
1624,Liberia,2015-11-29, Suspected,Not available,,Not available
1625,Liberia,2015-11-29, Probable,Not available,,Not available
1626,Liberia,2015-11-29, Confirmed,9,,3
1627,Liberia,2015-11-29, Probable,Not available,,Not available
1628,Liberia,2015-12-06, Probable,Not available,,Not available
1629,Liberia,2015-12-06, Confirmed,9,,3
1630,Liberia,2015-12-06, Total,9,,3
1631,Liberia,2015-12-06, Total,9,,3
1632,Liberia,2015-12-06, Suspected,Not available,,Not available
1633,Liberia,2015-12-06, Total,9,,3
1634,Liberia,2015-12-06, Confirmed,9,,3
1635,Liberia,2015-12-06, Total,9,3,3
1636,Liberia,2015-12-06, Suspected,Data not available.,Not reported.,Data not available.
1637,Liberia,2015-12-06, Probable,Not reported.,Not reported.,Data not available.
1638,Liberia,2015-12-06, Total,9,,3
1639,Liberia,2015-12-06, Confirmed,9,3,3
1640,Liberia,2015-12-06, Suspected,Not available,,Not available
1641,Liberia,2015-12-06, Suspected,Not available,,Not available
1642,Liberia,2015-12-06, Probable,Not available,,Not available
1643,Liberia,2015-12-06, Confirmed,9,,3
1644,Liberia,2015-12-06, Probable,Not available,,Not available
1645,Liberia,2015-12-06, Confirmed,9,,3
1646,Liberia,2015-12-06, Probable,Not available,,Not available
1647,Liberia,2015-12-06, Suspected,Not available,,Not available
1648,Liberia,2015-12-13, Suspected,Data not available.,Not reported.,Data not available.
1649,Liberia,2015-12-13, Total,9,,3
1650,Liberia,2015-12-13, Suspected,Not available,,Not available
1651,Liberia,2015-12-13, Confirmed,9,,3
1652,Liberia,2015-12-13, Confirmed,9,,3
1653,Liberia,2015-12-13, Probable,Not reported.,Not reported.,Data not available.
1654,Liberia,2015-12-13, Confirmed,9,0,3
1655,Liberia,2015-12-13, Total,9,0,3
1656,Liberia,2015-12-13, Total,9,,3
1657,Liberia,2015-12-13, Suspected,Not available,,Not available
1658,Liberia,2015-12-13, Probable,Not available,,Not available
1659,Liberia,2015-12-13, Probable,Not available,,Not available
1660,Liberia,2015-12-13, Probable,Not available,,Not available
1661,Liberia,2015-12-13, Confirmed,9,,3
1662,Liberia,2015-12-13, Probable,Not available,,Not available
1663,Liberia,2015-12-13, Suspected,Not available,,Not available
1664,Liberia,2015-12-13, Total,9,,3
1665,Liberia,2015-12-13, Total,9,,3
1666,Liberia,2015-12-13, Suspected,Not available,,Not available
1667,Liberia,2015-12-13, Confirmed,9,,3
1668,Liberia,2015-12-20, Confirmed,9,,3
1669,Liberia,2015-12-20, Probable,Not available,,Not available
1670,Liberia,2015-12-20, Suspected,Not available,,Not available
1671,Liberia,2015-12-20, Total,9,,3
1672,Liberia,2015-12-20, Total,9,,3
1673,Liberia,2015-12-20, Suspected,Not available,,Not available
1674,Liberia,2015-12-20, Probable,Not available,,Not available
1675,Liberia,2015-12-20, Confirmed,9,,3
1676,Liberia,2015-12-20, Probable,Not reported.,Not reported.,Data not available.
1677,Liberia,2015-12-20, Confirmed,9,0,3
1678,Liberia,2015-12-20, Probable,Not available,,Not available
1679,Liberia,2015-12-20, Total,9,,3
1680,Liberia,2015-12-20, Suspected,Not available,,Not available
1681,Liberia,2015-12-20, Suspected,Not available,,Not available
1682,Liberia,2015-12-20, Total,9,0,3
1683,Liberia,2015-12-20, Confirmed,9,,3
1684,Liberia,2015-12-20, Probable,Not available,,Not available
1685,Liberia,2015-12-20, Confirmed,9,,3
1686,Liberia,2015-12-20, Suspected,Data not available.,Not reported.,Data not available.
1687,Liberia,2015-12-20, Total,9,,3
1688,Liberia,2015-12-27, Confirmed,9,0,3
1689,Liberia,2015-12-27, Probable,Not reported.,Not reported.,Data not available.
1690,Liberia,2015-12-27, Suspected,Data not available.,Not reported.,Data not available.
1691,Liberia,2015-12-27, Total,9,0,3
1692,Liberia,2016-01-03, Total,9,0,3
1693,Liberia,2016-01-03, Suspected,Data not available.,Not reported.,Data not available.
1694,Liberia,2016-01-03, Probable,Not reported.,Not reported.,Data not available.
1695,Liberia,2016-01-03, Confirmed,9,0,3
1696,Liberia,2016-01-10, Confirmed,9,0,3
1697,Liberia,2016-01-10, Probable,Not reported.,Not reported.,Data not available.
1698,Liberia,2016-01-10, Suspected,Data not available.,Not reported.,Data not available.
1699,Liberia,2016-01-10, Total,9,0,3
1700,Liberia,2016-01-14, Suspected,Not reported.,Not reported.,Data not available.
1701,Liberia,2016-01-14, Suspected,Not reported.,Not reported.,Data not available.
1702,Liberia,2016-01-14, Probable,Not reported.,Not reported.,Data not available.
1703,Liberia,2016-01-14, Confirmed,9,0,3
1704,Liberia,2016-01-14, Total,9,0,3
1705,Liberia,2016-01-14, Total,9,0,3
1706,Liberia,2016-01-14, Probable,Not reported.,Not reported.,Data not available.
1707,Liberia,2016-01-14, Confirmed,9,0,3
1708,Liberia,2016-01-14, Probable,Not reported.,Not reported.,Data not available.
1709,Liberia,2016-01-14, Confirmed,9,0,3
1710,Liberia,2016-01-14, Confirmed,9,0,3
1711,Liberia,2016-01-14, Total,9,0,3
1712,Liberia,2016-01-14, Confirmed,9,0,3
1713,Liberia,2016-01-14, Probable,Not reported.,Not reported.,Data not available.
1714,Liberia,2016-01-14, Suspected,Not reported.,Not reported.,Data not available.
1715,Liberia,2016-01-14, Total,9,0,3
1716,Liberia,2016-01-14, Confirmed,9,0,3
1717,Liberia,2016-01-14, Probable,Not reported.,Not reported.,Data not available.
1718,Liberia,2016-01-14, Suspected,Not reported.,Not reported.,Data not available.
1719,Liberia,2016-01-14, Total,9,0,3
1720,Liberia,2016-01-14, Total,9,0,3
1721,Liberia,2016-01-14, Suspected,Not reported.,Not reported.,Data not available.
1722,Liberia,2016-01-14, Probable,Not reported.,Not reported.,Data not available.
1723,Liberia,2016-01-14, Suspected,Not reported.,Not reported.,Data not available.
1724,Liberia,2016-01-14, Probable,Not reported.,Not reported.,Data not available.
1725,Liberia,2016-01-14, Suspected,Not reported.,Not reported.,Data not available.
1726,Liberia,2016-01-14, Suspected,Not reported.,Not reported.,Data not available.
1727,Liberia,2016-01-14, Probable,Not reported.,Not reported.,Data not available.
1728,Liberia,2016-01-14, Confirmed,9,0,3
1729,Liberia,2016-01-14, Probable,Not reported.,Not reported.,Data not available.
1730,Liberia,2016-01-14, Suspected,Not reported.,Not reported.,Data not available.
1731,Liberia,2016-01-14, Total,9,0,3
1732,Liberia,2016-01-14, Total,9,0,3
1733,Liberia,2016-01-14, Total,9,0,3
1734,Liberia,2016-01-14, Probable,Not reported.,Not reported.,Data not available.
1735,Liberia,2016-01-14, Suspected,Not reported.,Not reported.,Data not available.
1736,Liberia,2016-01-14, Confirmed,9,0,3
1737,Liberia,2016-01-14, Probable,Not reported.,Not reported.,Data not available.
1738,Liberia,2016-01-14, Suspected,Not reported.,Not reported.,Data not available.
1739,Liberia,2016-01-14, Total,9,0,3
1740,Liberia,2016-01-14, Total,9,0,3
1741,Liberia,2016-01-14, Confirmed,9,0,3
1742,Liberia,2016-01-14, Confirmed,9,0,3
1743,Liberia,2016-01-14, Confirmed,9,0,3
1744,Liberia,2016-04-03, Confirmed,11,2,4
1745,Liberia,2016-04-03, Probable,Not reported.,Not reported.,Data not available.
1746,Liberia,2016-04-03, Suspected,Not reported.,Not reported.,Data not available.
1747,Liberia,2016-04-03, Total,11,2,4
1748,Liberia,2016-04-10, Probable,Not reported.,Not reported.,Data not available.
1749,Liberia,2016-04-10, Suspected,Not reported.,Not reported.,Data not available.
1750,Liberia,2016-04-10, Total,12,3,4
1751,Liberia,2016-04-10, Confirmed,12,3,4
1752,Liberia,2016-04-17, Confirmed,12,3,4
1753,Liberia,2016-04-17, Probable,Not reported.,Not reported.,Data not available.
1754,Liberia,2016-04-17, Suspected,Not reported.,Not reported.,Data not available.
1755,Liberia,2016-04-17, Total,12,3,4
1756,Liberia,2016-04-24, Confirmed,12,1,4
1757,Liberia,2016-04-24, Probable,Not reported.,Not reported.,Data not available.
1758,Liberia,2016-04-24, Total,12,1,4
1759,Liberia,2016-04-24, Suspected,Not reported.,Not reported.,Data not available.
1760,Liberia,2016-05-01, Suspected,Not reported.,Not reported.,Data not available.
1761,Liberia,2016-05-01, Total,12,0,4
1762,Liberia,2016-05-01, Confirmed,12,0,4
1763,Liberia,2016-05-01, Probable,Not reported.,Not reported.,Data not available.
1764,Liberia,2016-05-08, Confirmed,12,0,4
1765,Liberia,2016-05-08, Probable,Not reported.,Not reported.,Data not available.
1766,Liberia,2016-05-08, Suspected,Not reported.,Not reported.,Data not available.
1767,Liberia,2016-05-08, Total,12,0,4
